maker_key,model_key,mileage,engine_power,registration_date,fuel,paint_color,car_type,feature_1,feature_2,feature_3,feature_4,feature_5,feature_6,feature_7,feature_8,price,sold at
BMW,320,161192,120,01-02-14,diesel,black,estate,TRUE,TRUE,FALSE,FALSE,FALSE,FALSE,TRUE,TRUE,9500,01-01-20
BMW,318,160865,100,01-02-14,diesel,grey,estate,FALSE,TRUE,FALSE,FALSE,TRUE,FALSE,TRUE,FALSE,10400,02-01-20
BMW,318,238064,90,01-08-06,diesel,grey,estate,FALSE,TRUE,FALSE,FALSE,FALSE,FALSE,TRUE,FALSE,4000,03-01-20
BMW,520,223078,120,01-04-07,diesel,black,estate,TRUE,TRUE,FALSE,FALSE,FALSE,FALSE,TRUE,TRUE,6100,04-01-20
BMW,320,275833,120,01-12-09,diesel,black,estate,TRUE,TRUE,FALSE,FALSE,FALSE,FALSE,TRUE,FALSE,5700,05-01-20
BMW,525,192560,155,01-02-12,diesel,blue,estate,TRUE,TRUE,TRUE,TRUE,TRUE,FALSE,TRUE,TRUE,15000,06-01-20
BMW,318,144311,100,01-10-14,diesel,brown,estate,FALSE,TRUE,FALSE,FALSE,TRUE,FALSE,TRUE,FALSE,10700,07-01-20
BMW,520,177646,135,01-01-14,diesel,blue,estate,TRUE,TRUE,FALSE,FALSE,TRUE,FALSE,TRUE,FALSE,14500,08-01-20
BMW,518,9406,110,01-10-16,diesel,black,estate,TRUE,TRUE,FALSE,FALSE,TRUE,TRUE,TRUE,TRUE,20300,09-01-20
BMW,318,93891,100,01-05-14,diesel,black,estate,TRUE,TRUE,FALSE,FALSE,TRUE,TRUE,TRUE,FALSE,13600,10-01-20
BMW,X3,199572,190,01-02-14,diesel,black,estate,FALSE,TRUE,FALSE,TRUE,TRUE,FALSE,TRUE,TRUE,19000,11-01-20
BMW,316,152747,85,01-11-12,diesel,grey,estate,FALSE,TRUE,FALSE,FALSE,FALSE,FALSE,TRUE,FALSE,9000,12-01-20
BMW,525,237361,150,01-08-11,diesel,grey,estate,TRUE,TRUE,FALSE,FALSE,TRUE,FALSE,TRUE,TRUE,11300,13-01-20
BMW,320,101705,135,01-05-14,diesel,blue,estate,FALSE,TRUE,FALSE,FALSE,FALSE,FALSE,TRUE,TRUE,13400,14-01-20
BMW,318,125724,105,01-04-14,diesel,grey,estate,FALSE,FALSE,FALSE,FALSE,TRUE,TRUE,TRUE,TRUE,12100,15-01-20
BMW,318,139014,100,01-08-13,diesel,brown,estate,FALSE,TRUE,FALSE,FALSE,FALSE,FALSE,TRUE,TRUE,11500,16-01-20
BMW,318,114751,105,01-01-13,diesel,grey,estate,FALSE,TRUE,FALSE,FALSE,FALSE,TRUE,TRUE,FALSE,11700,17-01-20
BMW,525,161041,160,01-04-13,diesel,blue,estate,TRUE,TRUE,FALSE,TRUE,TRUE,TRUE,TRUE,TRUE,18400,18-01-20
BMW,320,155616,135,01-02-13,diesel,grey,estate,TRUE,TRUE,FALSE,FALSE,TRUE,FALSE,TRUE,TRUE,14200,19-01-20
BMW,520,174817,135,01-06-13,diesel,brown,estate,TRUE,TRUE,TRUE,FALSE,TRUE,TRUE,TRUE,TRUE,4800,20-01-20
BMW,520,121102,135,01-02-12,diesel,black,estate,TRUE,TRUE,TRUE,FALSE,TRUE,FALSE,TRUE,TRUE,15400,21-01-20
BMW,520,166778,120,01-11-12,diesel,grey,estate,TRUE,TRUE,FALSE,FALSE,FALSE,FALSE,TRUE,TRUE,13000,22-01-20
BMW,320,121854,120,01-12-12,diesel,blue,estate,TRUE,TRUE,FALSE,FALSE,FALSE,FALSE,TRUE,FALSE,11100,23-01-20
BMW,318,151266,100,01-04-13,diesel,brown,estate,FALSE,TRUE,FALSE,FALSE,FALSE,FALSE,TRUE,TRUE,11300,24-01-20
BMW,320,169884,135,01-07-13,diesel,silver,estate,TRUE,TRUE,FALSE,FALSE,FALSE,FALSE,TRUE,FALSE,11200,25-01-20
BMW,318,102189,105,01-01-14,diesel,grey,estate,TRUE,TRUE,FALSE,FALSE,TRUE,TRUE,TRUE,FALSE,13300,26-01-20
BMW,320,176414,135,01-12-14,diesel,black,estate,TRUE,TRUE,FALSE,FALSE,TRUE,TRUE,TRUE,TRUE,14300,27-01-20
BMW,320,106223,120,01-06-13,diesel,grey,estate,TRUE,TRUE,FALSE,FALSE,FALSE,FALSE,TRUE,TRUE,12600,28-01-20
BMW,318,149616,100,01-02-13,diesel,black,estate,FALSE,TRUE,FALSE,FALSE,FALSE,FALSE,TRUE,FALSE,7000,29-01-20
BMW,316,170680,85,01-06-13,diesel,grey,estate,FALSE,TRUE,FALSE,FALSE,FALSE,FALSE,TRUE,FALSE,9300,30-01-20
BMW,520,164060,120,01-02-13,diesel,brown,estate,TRUE,TRUE,FALSE,FALSE,FALSE,FALSE,TRUE,TRUE,15500,31-01-20
BMW,320,137558,135,01-01-13,diesel,black,estate,FALSE,TRUE,TRUE,FALSE,TRUE,TRUE,TRUE,TRUE,16100,01-02-20
BMW,318,133008,100,01-03-13,diesel,black,estate,TRUE,TRUE,TRUE,FALSE,TRUE,TRUE,TRUE,TRUE,13800,02-02-20
BMW,525,139765,160,01-11-13,diesel,white,estate,TRUE,TRUE,TRUE,TRUE,TRUE,FALSE,TRUE,TRUE,18800,03-02-20
BMW,318,186467,90,01-10-06,diesel,black,estate,FALSE,FALSE,TRUE,FALSE,FALSE,FALSE,TRUE,FALSE,4600,04-02-20
BMW,318,178914,100,01-09-13,diesel,blue,estate,FALSE,TRUE,FALSE,FALSE,TRUE,FALSE,TRUE,FALSE,9600,05-02-20
BMW,320,115915,120,01-09-13,diesel,brown,estate,TRUE,TRUE,FALSE,FALSE,FALSE,FALSE,TRUE,TRUE,12700,06-02-20
BMW,316,127441,85,01-05-13,diesel,grey,estate,FALSE,FALSE,FALSE,FALSE,FALSE,FALSE,TRUE,FALSE,10800,07-02-20
BMW,318,83691,105,01-02-14,diesel,black,estate,TRUE,TRUE,FALSE,FALSE,FALSE,FALSE,TRUE,FALSE,8300,08-02-20
BMW,318,143064,100,01-04-13,diesel,black,estate,TRUE,TRUE,FALSE,FALSE,TRUE,FALSE,TRUE,FALSE,12600,09-02-20
BMW,520,159214,135,01-08-12,diesel,grey,estate,FALSE,TRUE,FALSE,FALSE,TRUE,FALSE,TRUE,TRUE,14400,10-02-20
BMW,318,100805,105,01-09-13,diesel,grey,estate,FALSE,TRUE,FALSE,FALSE,TRUE,FALSE,TRUE,FALSE,14400,11-02-20
BMW,320,159883,120,01-08-14,diesel,white,estate,FALSE,TRUE,FALSE,FALSE,TRUE,FALSE,TRUE,TRUE,12500,12-02-20
BMW,525,136729,155,01-02-13,diesel,blue,estate,TRUE,TRUE,FALSE,TRUE,FALSE,FALSE,TRUE,TRUE,12600,13-02-20
BMW,318,124421,100,01-06-12,diesel,red,estate,TRUE,FALSE,FALSE,FALSE,FALSE,FALSE,TRUE,FALSE,5000,14-02-20
BMW,320,108330,120,01-09-14,diesel,black,estate,TRUE,TRUE,FALSE,FALSE,TRUE,TRUE,TRUE,FALSE,15100,15-02-20
BMW,320,100925,135,01-02-13,diesel,brown,estate,TRUE,TRUE,FALSE,FALSE,TRUE,FALSE,TRUE,FALSE,17400,16-02-20
BMW,318,99605,105,01-09-14,diesel,black,estate,FALSE,TRUE,FALSE,FALSE,FALSE,FALSE,TRUE,TRUE,14300,17-02-20
BMW,525,21507,160,01-01-16,diesel,silver,estate,TRUE,FALSE,FALSE,TRUE,TRUE,FALSE,TRUE,TRUE,25000,18-02-20
BMW,320,195553,120,01-04-13,diesel,grey,estate,TRUE,TRUE,FALSE,FALSE,FALSE,TRUE,TRUE,TRUE,10900,19-02-20
BMW,318,126473,100,01-10-13,diesel,grey,estate,TRUE,TRUE,FALSE,FALSE,TRUE,FALSE,TRUE,TRUE,13000,20-02-20
BMW,525,211366,130,01-08-05,diesel,black,estate,TRUE,TRUE,TRUE,FALSE,TRUE,FALSE,TRUE,TRUE,5100,21-02-20
BMW,535,272389,230,01-03-12,diesel,black,estate,TRUE,TRUE,TRUE,TRUE,TRUE,FALSE,TRUE,TRUE,13700,22-02-20
BMW,520,358332,100,01-10-00,diesel,blue,estate,FALSE,FALSE,FALSE,FALSE,TRUE,FALSE,TRUE,FALSE,400,23-02-20
BMW,530,130553,190,01-06-13,diesel,black,estate,TRUE,TRUE,FALSE,FALSE,FALSE,FALSE,TRUE,FALSE,15200,24-02-20
BMW,320,122383,120,01-07-13,diesel,brown,estate,TRUE,TRUE,FALSE,FALSE,FALSE,FALSE,TRUE,FALSE,15200,25-02-20
BMW,320,192708,120,01-04-13,diesel,blue,estate,FALSE,TRUE,FALSE,FALSE,FALSE,TRUE,TRUE,FALSE,9300,26-02-20
BMW,520,307914,120,01-03-11,diesel,black,estate,TRUE,TRUE,FALSE,FALSE,FALSE,FALSE,TRUE,FALSE,11000,27-02-20
BMW,520,118724,120,01-01-14,diesel,grey,estate,TRUE,TRUE,FALSE,FALSE,TRUE,FALSE,TRUE,TRUE,16500,28-02-20
BMW,318,105061,105,01-06-14,diesel,black,estate,FALSE,TRUE,FALSE,FALSE,FALSE,FALSE,TRUE,TRUE,12500,29-02-20
BMW,520,260556,120,01-06-08,diesel,black,estate,TRUE,TRUE,FALSE,FALSE,FALSE,FALSE,TRUE,FALSE,5000,01-03-20
BMW,530,391309,190,01-10-11,diesel,black,estate,FALSE,TRUE,FALSE,TRUE,TRUE,FALSE,TRUE,TRUE,13400,02-03-20
BMW,316,46579,85,01-10-14,diesel,brown,estate,FALSE,TRUE,FALSE,FALSE,TRUE,FALSE,TRUE,TRUE,18800,03-03-20
BMW,520,169807,120,01-02-12,diesel,black,estate,TRUE,TRUE,FALSE,FALSE,TRUE,FALSE,TRUE,TRUE,16100,04-03-20
BMW,520,184137,120,01-05-14,diesel,black,estate,TRUE,TRUE,FALSE,FALSE,TRUE,FALSE,TRUE,TRUE,16100,05-03-20
BMW,520,124332,120,01-05-13,diesel,blue,estate,TRUE,TRUE,FALSE,FALSE,FALSE,FALSE,TRUE,TRUE,15800,06-03-20
BMW,520,149495,120,01-10-13,diesel,blue,estate,TRUE,TRUE,FALSE,FALSE,TRUE,FALSE,TRUE,TRUE,16100,07-03-20
BMW,320,166458,135,01-04-13,diesel,grey,estate,TRUE,TRUE,FALSE,FALSE,TRUE,FALSE,TRUE,TRUE,13400,08-03-20
BMW,520,266990,135,01-07-13,diesel,grey,estate,TRUE,TRUE,FALSE,FALSE,TRUE,FALSE,TRUE,TRUE,11900,09-03-20
BMW,320,126735,135,01-10-13,diesel,grey,estate,FALSE,TRUE,FALSE,FALSE,TRUE,FALSE,TRUE,TRUE,14200,10-03-20
BMW,320,55937,135,01-05-14,diesel,silver,estate,FALSE,TRUE,FALSE,TRUE,FALSE,FALSE,TRUE,TRUE,17800,11-03-20
BMW,316,132302,85,01-01-13,diesel,grey,estate,TRUE,TRUE,FALSE,FALSE,FALSE,TRUE,TRUE,FALSE,1300,12-03-20
BMW,525,306161,120,01-08-04,diesel,blue,estate,TRUE,TRUE,FALSE,FALSE,FALSE,FALSE,TRUE,TRUE,4800,13-03-20
BMW,530,160709,190,01-12-12,diesel,blue,estate,TRUE,TRUE,TRUE,TRUE,TRUE,FALSE,TRUE,TRUE,13800,14-03-20
BMW,318,124831,100,01-08-13,diesel,grey,estate,TRUE,TRUE,FALSE,FALSE,FALSE,FALSE,TRUE,FALSE,10500,15-03-20
BMW,520,147910,120,01-03-14,diesel,grey,estate,TRUE,TRUE,FALSE,FALSE,TRUE,FALSE,TRUE,TRUE,17000,16-03-20
BMW,318,141652,100,01-01-13,diesel,grey,estate,FALSE,TRUE,TRUE,FALSE,FALSE,FALSE,TRUE,FALSE,9300,17-03-20
BMW,320,77510,120,01-11-12,diesel,grey,estate,FALSE,TRUE,FALSE,FALSE,FALSE,FALSE,TRUE,FALSE,11100,18-03-20
BMW,330,133214,190,01-03-14,diesel,black,estate,TRUE,TRUE,FALSE,FALSE,TRUE,TRUE,TRUE,TRUE,22000,19-03-20
BMW,318,44368,100,01-10-14,diesel,grey,estate,TRUE,TRUE,FALSE,FALSE,TRUE,FALSE,TRUE,TRUE,18100,20-03-20
BMW,316,149890,85,01-11-12,diesel,blue,estate,FALSE,TRUE,FALSE,FALSE,FALSE,FALSE,TRUE,FALSE,7100,21-03-20
BMW,520,101054,120,01-10-13,diesel,grey,estate,TRUE,TRUE,FALSE,FALSE,TRUE,FALSE,TRUE,TRUE,19000,22-03-20
BMW,518,66948,110,01-05-15,diesel,black,estate,TRUE,TRUE,FALSE,FALSE,TRUE,FALSE,FALSE,FALSE,19600,23-03-20
BMW,520,261785,120,01-07-08,diesel,black,estate,TRUE,TRUE,TRUE,FALSE,TRUE,FALSE,TRUE,TRUE,4800,24-03-20
BMW,318,116244,100,01-12-12,diesel,silver,estate,FALSE,TRUE,FALSE,FALSE,FALSE,FALSE,TRUE,FALSE,12300,25-03-20
BMW,320,274298,135,01-05-13,diesel,grey,estate,TRUE,TRUE,FALSE,FALSE,FALSE,FALSE,TRUE,TRUE,9800,26-03-20
BMW,320,136769,120,01-01-09,petrol,grey,estate,TRUE,FALSE,FALSE,FALSE,FALSE,FALSE,TRUE,FALSE,6000,27-03-20
BMW,318,135948,105,01-02-13,diesel,black,estate,TRUE,TRUE,TRUE,FALSE,TRUE,TRUE,TRUE,FALSE,15100,28-03-20
BMW,320,176718,135,01-12-14,diesel,black,estate,TRUE,TRUE,FALSE,FALSE,TRUE,TRUE,TRUE,TRUE,13400,29-03-20
BMW,316,188994,85,01-04-13,diesel,grey,estate,FALSE,TRUE,FALSE,FALSE,FALSE,FALSE,TRUE,FALSE,8800,30-03-20
BMW,520,85705,120,01-04-13,diesel,black,estate,TRUE,TRUE,FALSE,FALSE,FALSE,TRUE,TRUE,FALSE,15600,31-03-20
BMW,320,196035,120,01-10-12,diesel,grey,estate,FALSE,TRUE,FALSE,FALSE,FALSE,FALSE,TRUE,FALSE,10100,01-04-20
BMW,328,129317,180,01-02-13,petrol,white,estate,FALSE,TRUE,TRUE,FALSE,TRUE,TRUE,TRUE,TRUE,18600,02-04-20
BMW,320,119391,135,01-11-13,diesel,silver,estate,TRUE,TRUE,TRUE,TRUE,TRUE,TRUE,TRUE,TRUE,17100,03-04-20
BMW,320,161806,135,01-03-13,diesel,grey,estate,TRUE,FALSE,FALSE,FALSE,TRUE,TRUE,TRUE,FALSE,13100,04-04-20
BMW,316,170858,85,01-05-11,diesel,grey,estate,FALSE,TRUE,FALSE,FALSE,FALSE,FALSE,TRUE,FALSE,6300,05-04-20
BMW,520,103892,135,01-02-12,diesel,grey,estate,TRUE,TRUE,TRUE,FALSE,TRUE,FALSE,TRUE,FALSE,16400,06-04-20
BMW,318,60772,100,01-04-13,diesel,grey,estate,TRUE,TRUE,FALSE,FALSE,FALSE,FALSE,TRUE,TRUE,13200,07-04-20
BMW,520,358333,100,01-10-00,diesel,blue,estate,FALSE,FALSE,FALSE,FALSE,TRUE,FALSE,TRUE,FALSE,400,08-04-20
BMW,318,54354,100,01-10-14,diesel,white,estate,TRUE,TRUE,FALSE,FALSE,TRUE,FALSE,TRUE,TRUE,20700,09-04-20
BMW,320,143954,135,01-02-13,diesel,black,estate,FALSE,TRUE,FALSE,FALSE,TRUE,FALSE,TRUE,FALSE,12500,10-04-20
BMW,520,193438,120,01-01-14,diesel,grey,estate,TRUE,TRUE,FALSE,TRUE,TRUE,FALSE,TRUE,TRUE,16400,11-04-20
BMW,318,135365,100,01-12-12,diesel,black,estate,FALSE,TRUE,FALSE,FALSE,FALSE,FALSE,TRUE,FALSE,11800,12-04-20
BMW,320,188522,135,01-06-15,diesel,white,estate,TRUE,TRUE,FALSE,FALSE,TRUE,FALSE,TRUE,TRUE,14500,13-04-20
BMW,520,116761,135,01-07-14,diesel,brown,estate,TRUE,FALSE,FALSE,FALSE,TRUE,FALSE,TRUE,TRUE,20000,14-04-20
BMW,318,173982,105,01-10-13,diesel,blue,estate,TRUE,TRUE,FALSE,FALSE,FALSE,FALSE,TRUE,TRUE,12000,15-04-20
BMW,525,185900,160,01-12-12,diesel,white,estate,TRUE,TRUE,FALSE,FALSE,TRUE,FALSE,TRUE,TRUE,14300,16-04-20
BMW,520,126933,120,01-09-12,diesel,beige,estate,FALSE,TRUE,FALSE,FALSE,FALSE,FALSE,TRUE,TRUE,15000,17-04-20
BMW,525,162243,155,01-10-12,diesel,grey,estate,TRUE,TRUE,FALSE,TRUE,TRUE,FALSE,TRUE,TRUE,15700,18-04-20
BMW,318,191804,100,01-10-13,diesel,grey,estate,FALSE,TRUE,FALSE,FALSE,TRUE,TRUE,TRUE,FALSE,3800,19-04-20
BMW,320,148555,135,01-04-13,diesel,silver,estate,TRUE,FALSE,FALSE,FALSE,TRUE,FALSE,TRUE,TRUE,14300,20-04-20
BMW,318,164659,100,01-03-13,diesel,white,estate,TRUE,TRUE,FALSE,FALSE,FALSE,FALSE,TRUE,FALSE,10400,21-04-20
BMW,320,284716,110,01-04-03,diesel,grey,estate,TRUE,FALSE,FALSE,FALSE,TRUE,FALSE,TRUE,FALSE,1200,22-04-20
BMW,320,400654,110,01-12-06,diesel,black,estate,FALSE,FALSE,TRUE,FALSE,FALSE,FALSE,TRUE,FALSE,1800,23-04-20
BMW,318,146065,100,01-06-13,diesel,blue,estate,TRUE,TRUE,FALSE,FALSE,FALSE,TRUE,TRUE,FALSE,10700,24-04-20
BMW,318,191319,100,01-02-13,diesel,grey,estate,TRUE,TRUE,FALSE,FALSE,FALSE,FALSE,TRUE,FALSE,10000,25-04-20
BMW,318,191538,105,01-01-13,diesel,black,estate,FALSE,TRUE,FALSE,FALSE,TRUE,FALSE,TRUE,FALSE,11500,26-04-20
BMW,320,117147,135,01-02-14,diesel,black,estate,FALSE,TRUE,FALSE,FALSE,TRUE,FALSE,TRUE,FALSE,14300,27-04-20
BMW,316,216183,85,01-04-14,diesel,black,estate,TRUE,FALSE,FALSE,FALSE,FALSE,FALSE,TRUE,FALSE,7500,28-04-20
BMW,320,159678,120,01-10-11,diesel,silver,estate,FALSE,TRUE,TRUE,FALSE,FALSE,FALSE,TRUE,FALSE,7600,29-04-20
BMW,318,166683,100,01-08-13,diesel,black,estate,TRUE,TRUE,FALSE,FALSE,FALSE,FALSE,TRUE,TRUE,11200,30-04-20
BMW,520,197043,120,01-02-13,diesel,grey,estate,TRUE,TRUE,FALSE,FALSE,FALSE,FALSE,TRUE,FALSE,9300,01-05-20
BMW,320,122697,135,01-09-11,diesel,black,estate,TRUE,TRUE,TRUE,FALSE,TRUE,FALSE,TRUE,FALSE,9900,02-05-20
BMW,320,176220,120,01-10-12,diesel,black,estate,TRUE,TRUE,FALSE,FALSE,FALSE,TRUE,TRUE,TRUE,13000,03-05-20
BMW,320,156147,120,01-07-14,diesel,silver,estate,TRUE,TRUE,FALSE,FALSE,FALSE,FALSE,TRUE,TRUE,11700,04-05-20
BMW,520,167923,135,01-09-12,diesel,blue,estate,TRUE,TRUE,FALSE,FALSE,TRUE,TRUE,TRUE,TRUE,13300,05-05-20
BMW,318,83553,100,01-04-13,diesel,brown,estate,FALSE,TRUE,FALSE,FALSE,FALSE,FALSE,TRUE,FALSE,12300,06-05-20
BMW,320,292178,110,01-09-02,diesel,grey,estate,TRUE,FALSE,FALSE,FALSE,FALSE,FALSE,TRUE,FALSE,1600,07-05-20
BMW,318,155440,105,01-01-14,diesel,silver,estate,FALSE,TRUE,FALSE,FALSE,TRUE,FALSE,TRUE,TRUE,12800,08-05-20
BMW,318,117169,100,01-01-13,diesel,black,estate,TRUE,TRUE,FALSE,FALSE,FALSE,FALSE,TRUE,TRUE,13600,09-05-20
BMW,318,127374,100,01-12-12,diesel,grey,estate,FALSE,TRUE,FALSE,FALSE,FALSE,FALSE,TRUE,TRUE,13000,10-05-20
BMW,320,130624,120,01-07-13,diesel,blue,estate,TRUE,TRUE,FALSE,FALSE,FALSE,FALSE,TRUE,TRUE,10700,11-05-20
BMW,318,177084,105,01-06-13,diesel,grey,estate,TRUE,TRUE,FALSE,FALSE,FALSE,FALSE,TRUE,FALSE,9200,12-05-20
BMW,520,106742,120,01-08-12,diesel,grey,estate,TRUE,TRUE,TRUE,FALSE,FALSE,FALSE,TRUE,FALSE,15000,13-05-20
BMW,320,111048,135,01-04-12,diesel,grey,estate,TRUE,TRUE,FALSE,TRUE,FALSE,FALSE,TRUE,TRUE,10800,14-05-20
BMW,320,233094,120,01-11-13,diesel,grey,estate,TRUE,TRUE,FALSE,FALSE,TRUE,TRUE,TRUE,TRUE,12900,15-05-20
BMW,520,174015,120,01-01-13,diesel,grey,estate,TRUE,TRUE,FALSE,FALSE,TRUE,FALSE,TRUE,FALSE,13200,16-05-20
BMW,318,139586,100,01-10-10,diesel,grey,estate,FALSE,TRUE,FALSE,FALSE,TRUE,FALSE,TRUE,FALSE,6300,17-05-20
BMW,520,129046,135,01-05-14,diesel,grey,estate,TRUE,TRUE,FALSE,FALSE,TRUE,FALSE,TRUE,FALSE,15200,18-05-20
BMW,318,108054,105,01-05-14,diesel,black,estate,FALSE,TRUE,FALSE,FALSE,FALSE,FALSE,TRUE,TRUE,14900,19-05-20
BMW,320,82676,120,01-03-13,diesel,brown,estate,TRUE,TRUE,FALSE,FALSE,FALSE,FALSE,TRUE,FALSE,14000,20-05-20
BMW,320,94782,120,01-08-13,diesel,beige,estate,TRUE,TRUE,TRUE,FALSE,TRUE,FALSE,TRUE,TRUE,15600,21-05-20
BMW,316,79660,85,01-06-13,diesel,silver,estate,FALSE,TRUE,FALSE,FALSE,FALSE,FALSE,TRUE,FALSE,12100,22-05-20
BMW,318,112426,105,01-01-13,diesel,grey,estate,FALSE,FALSE,FALSE,FALSE,FALSE,FALSE,TRUE,FALSE,9200,23-05-20
BMW,318,164108,105,01-01-14,diesel,blue,estate,FALSE,TRUE,FALSE,TRUE,FALSE,FALSE,TRUE,FALSE,13600,24-05-20
BMW,318,91457,105,01-07-13,diesel,white,estate,FALSE,TRUE,FALSE,FALSE,TRUE,FALSE,TRUE,FALSE,16100,25-05-20
BMW,520,176450,135,01-07-12,diesel,grey,estate,TRUE,TRUE,FALSE,FALSE,FALSE,FALSE,TRUE,TRUE,13400,26-05-20
BMW,320,143240,120,01-11-13,diesel,brown,estate,FALSE,TRUE,FALSE,FALSE,FALSE,FALSE,TRUE,TRUE,14000,27-05-20
BMW,318,110477,100,01-08-13,diesel,black,estate,TRUE,TRUE,FALSE,FALSE,FALSE,FALSE,TRUE,FALSE,10500,28-05-20
BMW,318,170108,100,01-07-13,diesel,black,estate,FALSE,TRUE,FALSE,FALSE,FALSE,FALSE,TRUE,FALSE,10500,29-05-20
BMW,318,107565,105,01-03-15,diesel,black,estate,FALSE,TRUE,TRUE,FALSE,TRUE,FALSE,TRUE,TRUE,17100,30-05-20
BMW,520,136908,120,01-07-12,diesel,grey,estate,TRUE,TRUE,FALSE,FALSE,FALSE,FALSE,TRUE,FALSE,12700,31-05-20
BMW,330,23811,190,01-12-15,diesel,blue,estate,TRUE,TRUE,TRUE,FALSE,FALSE,FALSE,TRUE,TRUE,28900,01-06-20
BMW,520,156663,120,01-04-13,diesel,beige,estate,TRUE,TRUE,FALSE,FALSE,FALSE,FALSE,TRUE,FALSE,14200,02-06-20
BMW,530,41329,190,01-08-15,diesel,grey,estate,TRUE,TRUE,FALSE,TRUE,TRUE,FALSE,TRUE,TRUE,29200,03-06-20
BMW,530,211079,190,01-04-12,diesel,grey,estate,TRUE,TRUE,TRUE,TRUE,TRUE,FALSE,TRUE,TRUE,17600,04-06-20
BMW,318,134437,105,01-06-13,diesel,white,estate,FALSE,TRUE,FALSE,FALSE,TRUE,FALSE,TRUE,FALSE,14200,05-06-20
BMW,520,222898,120,01-04-07,diesel,black,estate,TRUE,TRUE,FALSE,FALSE,FALSE,FALSE,TRUE,TRUE,4800,06-06-20
BMW,318,205603,105,01-02-13,diesel,black,estate,FALSE,TRUE,FALSE,FALSE,TRUE,FALSE,TRUE,FALSE,11200,07-06-20
BMW,320,303225,120,01-10-06,diesel,grey,estate,FALSE,TRUE,FALSE,FALSE,TRUE,FALSE,TRUE,FALSE,4200,08-06-20
BMW,320,84058,120,01-07-14,diesel,blue,estate,TRUE,TRUE,FALSE,FALSE,TRUE,FALSE,TRUE,TRUE,16100,09-06-20
BMW,316,193231,85,01-01-13,diesel,black,estate,FALSE,TRUE,FALSE,FALSE,FALSE,FALSE,TRUE,FALSE,9500,10-06-20
BMW,520,105959,120,01-08-12,diesel,grey,estate,TRUE,TRUE,TRUE,FALSE,FALSE,FALSE,TRUE,FALSE,14200,11-06-20
BMW,318,133178,100,01-03-13,diesel,black,estate,TRUE,TRUE,TRUE,FALSE,TRUE,TRUE,TRUE,TRUE,13100,12-06-20
BMW,525,96491,160,01-01-12,diesel,grey,estate,TRUE,TRUE,FALSE,FALSE,TRUE,FALSE,TRUE,FALSE,16100,13-06-20
BMW,318,155538,100,01-06-13,diesel,grey,estate,TRUE,TRUE,FALSE,FALSE,TRUE,FALSE,TRUE,TRUE,12200,14-06-20
BMW,320,166108,120,01-01-06,diesel,grey,estate,TRUE,TRUE,FALSE,FALSE,TRUE,FALSE,TRUE,TRUE,4500,15-06-20
BMW,318,87542,105,01-01-15,diesel,black,estate,FALSE,FALSE,TRUE,FALSE,TRUE,FALSE,TRUE,FALSE,15100,16-06-20
BMW,318,321301,90,01-03-06,diesel,silver,estate,TRUE,FALSE,FALSE,FALSE,FALSE,FALSE,TRUE,FALSE,3200,17-06-20
BMW,520,156165,120,01-10-11,diesel,black,estate,TRUE,TRUE,TRUE,FALSE,FALSE,FALSE,TRUE,TRUE,13900,18-06-20
BMW,320,177650,120,01-05-13,diesel,grey,estate,FALSE,FALSE,FALSE,FALSE,FALSE,FALSE,TRUE,FALSE,9300,19-06-20
BMW,518,190520,107,01-04-14,diesel,grey,estate,TRUE,TRUE,FALSE,FALSE,TRUE,FALSE,TRUE,TRUE,8800,20-06-20
BMW,318,173289,105,01-08-13,diesel,black,estate,FALSE,TRUE,FALSE,FALSE,TRUE,TRUE,TRUE,FALSE,10100,21-06-20
BMW,330,221487,170,01-02-07,diesel,grey,estate,TRUE,TRUE,FALSE,TRUE,TRUE,TRUE,TRUE,FALSE,6500,22-06-20
BMW,318,232448,100,01-11-09,diesel,black,estate,FALSE,TRUE,FALSE,FALSE,FALSE,FALSE,TRUE,FALSE,6000,23-06-20
BMW,525,266060,150,01-03-11,diesel,black,estate,TRUE,TRUE,TRUE,FALSE,TRUE,TRUE,TRUE,TRUE,15300,24-06-20
BMW,318,124869,100,01-01-13,diesel,silver,estate,TRUE,TRUE,FALSE,FALSE,FALSE,TRUE,TRUE,FALSE,15200,25-06-20
BMW,316,141853,85,01-05-13,diesel,black,estate,TRUE,TRUE,FALSE,FALSE,FALSE,FALSE,TRUE,FALSE,6300,26-06-20
BMW,320,187454,120,01-01-13,diesel,grey,estate,FALSE,TRUE,FALSE,FALSE,TRUE,TRUE,TRUE,FALSE,14500,27-06-20
BMW,525,193148,155,01-03-12,diesel,grey,estate,TRUE,TRUE,FALSE,FALSE,TRUE,FALSE,TRUE,FALSE,14100,28-06-20
BMW,318,157157,105,01-04-14,diesel,black,estate,TRUE,TRUE,FALSE,FALSE,FALSE,FALSE,TRUE,TRUE,12100,29-06-20
BMW,318,132180,100,01-06-13,diesel,silver,estate,TRUE,TRUE,FALSE,FALSE,FALSE,FALSE,TRUE,FALSE,11300,30-06-20
BMW,520,288002,110,01-03-08,diesel,grey,estate,TRUE,TRUE,FALSE,FALSE,FALSE,FALSE,TRUE,FALSE,4800,01-07-20
BMW,525,245059,150,01-06-11,diesel,black,estate,TRUE,TRUE,FALSE,FALSE,TRUE,FALSE,TRUE,TRUE,13100,02-07-20
BMW,318,167029,100,01-01-13,diesel,brown,estate,TRUE,TRUE,FALSE,FALSE,FALSE,FALSE,TRUE,TRUE,12400,03-07-20
BMW,318,149696,105,01-09-13,diesel,white,estate,FALSE,TRUE,FALSE,FALSE,TRUE,TRUE,TRUE,FALSE,11800,04-07-20
BMW,520,170625,120,01-04-12,diesel,black,estate,FALSE,TRUE,FALSE,FALSE,FALSE,FALSE,TRUE,TRUE,13200,05-07-20
BMW,316,200488,85,01-05-13,diesel,grey,estate,FALSE,TRUE,FALSE,FALSE,FALSE,FALSE,TRUE,FALSE,9900,06-07-20
BMW,320,271618,120,01-09-06,diesel,black,estate,FALSE,FALSE,FALSE,FALSE,TRUE,FALSE,FALSE,FALSE,5000,07-07-20
BMW,318,174303,105,01-10-13,diesel,blue,estate,TRUE,TRUE,FALSE,FALSE,FALSE,FALSE,TRUE,TRUE,12000,08-07-20
BMW,320,132357,130,01-02-10,diesel,blue,estate,TRUE,TRUE,FALSE,FALSE,TRUE,FALSE,TRUE,TRUE,9800,09-07-20
BMW,318,206362,100,01-01-13,diesel,black,estate,TRUE,TRUE,FALSE,FALSE,TRUE,TRUE,TRUE,FALSE,10800,10-07-20
BMW,318,85814,100,01-06-13,diesel,black,estate,FALSE,TRUE,FALSE,FALSE,FALSE,FALSE,TRUE,FALSE,14800,11-07-20
BMW,520,138489,120,01-01-15,diesel,blue,estate,TRUE,TRUE,FALSE,FALSE,TRUE,FALSE,TRUE,TRUE,9900,12-07-20
BMW,520,108106,120,01-07-11,diesel,black,estate,TRUE,TRUE,TRUE,FALSE,FALSE,FALSE,TRUE,TRUE,13400,13-07-20
BMW,320,163222,120,01-07-13,diesel,blue,estate,TRUE,TRUE,FALSE,FALSE,FALSE,TRUE,TRUE,FALSE,10400,14-07-20
BMW,520,150926,120,01-01-12,diesel,black,estate,TRUE,TRUE,FALSE,FALSE,FALSE,FALSE,TRUE,TRUE,13600,15-07-20
BMW,318,121459,100,01-06-14,diesel,brown,estate,FALSE,TRUE,FALSE,FALSE,FALSE,TRUE,TRUE,FALSE,11200,16-07-20
BMW,520,103331,120,01-02-12,diesel,grey,estate,TRUE,TRUE,TRUE,FALSE,FALSE,FALSE,TRUE,FALSE,15800,17-07-20
BMW,530,110342,190,01-10-13,diesel,white,estate,TRUE,TRUE,TRUE,TRUE,TRUE,TRUE,TRUE,TRUE,25300,18-07-20
BMW,525,105183,155,01-10-13,diesel,brown,estate,TRUE,TRUE,TRUE,FALSE,TRUE,FALSE,TRUE,TRUE,20100,19-07-20
BMW,525,169643,155,01-07-13,diesel,grey,estate,TRUE,TRUE,TRUE,FALSE,TRUE,TRUE,TRUE,TRUE,21500,20-07-20
BMW,318,85227,100,01-05-13,diesel,blue,estate,TRUE,TRUE,FALSE,FALSE,TRUE,FALSE,TRUE,FALSE,12000,21-07-20
BMW,520,185170,120,01-02-13,diesel,grey,estate,TRUE,TRUE,FALSE,FALSE,FALSE,FALSE,TRUE,FALSE,3600,22-07-20
BMW,318,152967,100,01-07-14,diesel,grey,estate,TRUE,TRUE,FALSE,FALSE,FALSE,FALSE,TRUE,FALSE,10800,23-07-20
BMW,530,174311,190,01-11-11,diesel,grey,estate,TRUE,TRUE,TRUE,TRUE,TRUE,FALSE,TRUE,TRUE,13700,24-07-20
BMW,318,107728,105,01-05-13,diesel,blue,estate,TRUE,TRUE,FALSE,FALSE,TRUE,FALSE,TRUE,FALSE,14300,25-07-20
BMW,318,175310,100,01-01-08,diesel,black,estate,TRUE,TRUE,FALSE,FALSE,FALSE,FALSE,TRUE,FALSE,5000,26-07-20
BMW,520,56164,120,01-05-15,diesel,brown,estate,TRUE,TRUE,FALSE,FALSE,TRUE,FALSE,TRUE,TRUE,23400,27-07-20
BMW,320,105304,120,01-10-12,diesel,brown,estate,TRUE,TRUE,FALSE,FALSE,FALSE,FALSE,TRUE,FALSE,11800,28-07-20
BMW,318,82439,105,01-08-14,diesel,black,estate,FALSE,TRUE,FALSE,FALSE,TRUE,TRUE,TRUE,FALSE,14300,29-07-20
BMW,520,156653,120,01-01-13,diesel,black,estate,TRUE,TRUE,FALSE,FALSE,FALSE,FALSE,TRUE,TRUE,12500,30-07-20
BMW,520,181409,120,01-03-14,diesel,grey,estate,TRUE,TRUE,FALSE,FALSE,TRUE,FALSE,TRUE,FALSE,14800,31-07-20
BMW,320,111638,135,01-07-12,diesel,black,estate,TRUE,TRUE,FALSE,FALSE,FALSE,FALSE,TRUE,FALSE,8400,01-08-20
BMW,520,87221,135,01-05-12,diesel,silver,estate,TRUE,TRUE,TRUE,FALSE,FALSE,FALSE,TRUE,FALSE,20400,02-08-20
BMW,535,253125,230,01-03-12,diesel,grey,estate,TRUE,TRUE,FALSE,TRUE,TRUE,FALSE,TRUE,TRUE,13300,03-08-20
BMW,316,105946,85,01-10-14,diesel,blue,estate,TRUE,TRUE,FALSE,FALSE,FALSE,FALSE,TRUE,FALSE,11700,04-08-20
BMW,520,238828,135,01-04-13,diesel,black,estate,FALSE,TRUE,FALSE,FALSE,TRUE,TRUE,TRUE,TRUE,14900,05-08-20
BMW,520,143141,120,01-05-13,diesel,grey,estate,TRUE,TRUE,FALSE,FALSE,FALSE,FALSE,TRUE,TRUE,16800,06-08-20
BMW,520,191816,120,01-09-13,diesel,grey,estate,TRUE,TRUE,FALSE,FALSE,TRUE,FALSE,TRUE,TRUE,16400,07-08-20
BMW,316,168821,85,01-04-13,diesel,black,estate,FALSE,TRUE,FALSE,FALSE,FALSE,FALSE,TRUE,FALSE,9000,08-08-20
BMW,318,143694,105,01-11-14,diesel,grey,estate,FALSE,TRUE,FALSE,FALSE,TRUE,FALSE,TRUE,TRUE,11500,09-08-20
BMW,525,276619,120,01-06-04,diesel,black,estate,TRUE,TRUE,FALSE,FALSE,FALSE,FALSE,TRUE,FALSE,4300,10-08-20
BMW,318,181653,100,01-01-14,diesel,black,estate,TRUE,TRUE,FALSE,FALSE,FALSE,FALSE,TRUE,TRUE,11300,11-08-20
BMW,320,110081,120,01-03-13,diesel,grey,estate,FALSE,TRUE,FALSE,TRUE,TRUE,FALSE,TRUE,TRUE,19000,12-08-20
BMW,320,169762,135,01-11-12,diesel,brown,estate,TRUE,FALSE,FALSE,FALSE,FALSE,FALSE,TRUE,FALSE,10200,13-08-20
BMW,520,68188,120,01-04-13,diesel,grey,estate,TRUE,TRUE,FALSE,FALSE,TRUE,FALSE,TRUE,FALSE,17300,14-08-20
BMW,320,197717,135,01-11-12,diesel,black,estate,TRUE,TRUE,FALSE,FALSE,FALSE,FALSE,TRUE,FALSE,10100,15-08-20
BMW,523,359648,120,01-03-00,petrol,green,estate,TRUE,FALSE,FALSE,FALSE,FALSE,FALSE,TRUE,TRUE,800,16-08-20
BMW,320,137367,120,01-08-13,diesel,silver,estate,TRUE,TRUE,FALSE,FALSE,FALSE,FALSE,TRUE,FALSE,11400,17-08-20
BMW,320,160879,120,01-10-11,diesel,silver,estate,FALSE,TRUE,TRUE,FALSE,FALSE,FALSE,TRUE,FALSE,7500,18-08-20
BMW,518,186440,100,01-08-14,diesel,black,estate,TRUE,TRUE,FALSE,FALSE,TRUE,FALSE,TRUE,TRUE,12100,19-08-20
BMW,320,169742,135,01-02-13,diesel,black,estate,FALSE,TRUE,FALSE,FALSE,FALSE,FALSE,TRUE,TRUE,10700,20-08-20
BMW,318,179160,100,01-01-13,diesel,grey,estate,TRUE,TRUE,FALSE,FALSE,TRUE,FALSE,TRUE,FALSE,10000,21-08-20
BMW,318,220206,100,01-03-14,diesel,grey,estate,TRUE,TRUE,TRUE,FALSE,FALSE,FALSE,TRUE,FALSE,9400,22-08-20
BMW,320,153849,120,01-02-13,diesel,silver,estate,TRUE,TRUE,FALSE,FALSE,FALSE,FALSE,TRUE,FALSE,11400,23-08-20
BMW,525,228801,155,01-06-12,diesel,grey,estate,TRUE,TRUE,TRUE,FALSE,TRUE,FALSE,TRUE,TRUE,14900,24-08-20
BMW,318,145890,100,01-09-14,diesel,black,estate,TRUE,TRUE,TRUE,FALSE,FALSE,FALSE,TRUE,FALSE,10900,25-08-20
BMW,M550,116310,280,01-04-15,diesel,blue,estate,TRUE,TRUE,TRUE,TRUE,TRUE,TRUE,TRUE,TRUE,40900,26-08-20
BMW,318,187011,100,01-04-14,diesel,grey,estate,TRUE,TRUE,FALSE,FALSE,FALSE,FALSE,TRUE,FALSE,9500,27-08-20
BMW,520,241757,135,01-01-13,diesel,grey,estate,TRUE,TRUE,FALSE,FALSE,TRUE,TRUE,TRUE,TRUE,16100,28-08-20
BMW,318,180120,100,01-09-13,diesel,grey,estate,TRUE,FALSE,FALSE,FALSE,FALSE,TRUE,TRUE,FALSE,10600,29-08-20
BMW,520,156478,120,01-08-12,diesel,black,estate,TRUE,TRUE,FALSE,FALSE,FALSE,FALSE,TRUE,TRUE,13600,30-08-20
BMW,316,164242,85,01-11-14,diesel,grey,estate,FALSE,TRUE,FALSE,FALSE,FALSE,FALSE,TRUE,FALSE,11200,31-08-20
BMW,320,248176,110,01-08-07,diesel,grey,estate,TRUE,TRUE,TRUE,FALSE,FALSE,FALSE,TRUE,FALSE,4900,01-09-20
BMW,520,210257,135,01-11-12,diesel,brown,estate,TRUE,TRUE,FALSE,FALSE,TRUE,FALSE,TRUE,TRUE,12800,02-09-20
BMW,320,131608,110,01-07-06,petrol,grey,estate,TRUE,TRUE,TRUE,FALSE,TRUE,FALSE,TRUE,FALSE,5500,03-09-20
BMW,520,178963,120,01-12-10,diesel,grey,estate,TRUE,TRUE,FALSE,FALSE,TRUE,FALSE,TRUE,FALSE,11900,04-09-20
BMW,318,163772,100,01-07-13,diesel,grey,estate,TRUE,TRUE,FALSE,FALSE,TRUE,TRUE,TRUE,FALSE,13800,05-09-20
BMW,318,152502,105,01-01-14,diesel,silver,estate,FALSE,TRUE,FALSE,FALSE,FALSE,FALSE,TRUE,TRUE,12900,06-09-20
BMW,318,148194,105,01-07-15,diesel,grey,estate,FALSE,TRUE,FALSE,FALSE,FALSE,FALSE,TRUE,TRUE,9900,07-09-20
BMW,320,159213,135,01-07-13,diesel,silver,estate,FALSE,TRUE,FALSE,FALSE,FALSE,FALSE,TRUE,FALSE,11900,08-09-20
BMW,318,182951,100,01-12-12,diesel,blue,estate,TRUE,FALSE,FALSE,FALSE,FALSE,FALSE,TRUE,FALSE,9300,09-09-20
BMW,318,150122,100,01-07-13,diesel,grey,estate,TRUE,TRUE,FALSE,FALSE,TRUE,FALSE,TRUE,FALSE,11500,10-09-20
BMW,318,183576,100,01-01-14,diesel,silver,estate,TRUE,TRUE,FALSE,FALSE,TRUE,FALSE,TRUE,FALSE,10700,11-09-20
BMW,320,258378,120,01-11-05,diesel,grey,estate,TRUE,FALSE,FALSE,FALSE,FALSE,TRUE,TRUE,FALSE,4000,12-09-20
BMW,318,136563,105,01-05-15,diesel,white,estate,FALSE,TRUE,FALSE,FALSE,FALSE,FALSE,TRUE,TRUE,14600,13-09-20
BMW,318,218875,100,01-04-13,diesel,grey,estate,FALSE,TRUE,FALSE,FALSE,FALSE,FALSE,TRUE,FALSE,8900,14-09-20
BMW,318,176636,100,01-06-14,diesel,grey,estate,TRUE,TRUE,FALSE,FALSE,TRUE,TRUE,TRUE,TRUE,12500,15-09-20
BMW,320,85199,135,01-02-14,diesel,grey,estate,TRUE,TRUE,FALSE,TRUE,FALSE,FALSE,TRUE,FALSE,15700,16-09-20
BMW,520,172485,120,01-06-12,diesel,grey,estate,TRUE,TRUE,FALSE,FALSE,FALSE,FALSE,TRUE,TRUE,14000,17-09-20
BMW,520,178558,120,01-02-13,diesel,grey,estate,TRUE,TRUE,FALSE,FALSE,FALSE,FALSE,TRUE,TRUE,13600,18-09-20
BMW,318,159147,100,01-05-08,diesel,black,estate,TRUE,TRUE,TRUE,FALSE,FALSE,FALSE,TRUE,FALSE,7000,19-09-20
BMW,530,349490,155,01-06-05,diesel,blue,estate,FALSE,TRUE,TRUE,FALSE,TRUE,FALSE,TRUE,TRUE,3500,20-09-20
BMW,525,160285,160,01-04-13,diesel,blue,estate,TRUE,TRUE,FALSE,TRUE,TRUE,TRUE,TRUE,TRUE,17700,21-09-20
BMW,316,251982,85,01-11-14,diesel,white,estate,FALSE,TRUE,FALSE,FALSE,TRUE,FALSE,TRUE,FALSE,10100,22-09-20
BMW,518,171496,100,01-11-13,diesel,brown,estate,TRUE,TRUE,FALSE,FALSE,TRUE,FALSE,TRUE,FALSE,13800,23-09-20
BMW,316,74146,85,01-04-11,diesel,silver,estate,FALSE,FALSE,FALSE,FALSE,FALSE,FALSE,TRUE,FALSE,7900,24-09-20
BMW,318,134794,100,01-03-14,diesel,black,estate,FALSE,TRUE,FALSE,FALSE,FALSE,TRUE,TRUE,TRUE,10000,25-09-20
BMW,525,83789,150,01-08-11,diesel,black,estate,TRUE,TRUE,TRUE,FALSE,TRUE,FALSE,TRUE,TRUE,6800,26-09-20
BMW,318,194998,100,01-03-14,diesel,blue,estate,FALSE,TRUE,FALSE,FALSE,FALSE,FALSE,TRUE,FALSE,9600,27-09-20
BMW,320,138190,120,01-10-13,diesel,blue,estate,FALSE,TRUE,FALSE,FALSE,FALSE,FALSE,TRUE,FALSE,12500,28-09-20
BMW,318,321206,90,01-03-06,diesel,silver,estate,TRUE,FALSE,FALSE,FALSE,FALSE,FALSE,TRUE,FALSE,3200,29-09-20
BMW,318,304661,100,01-02-08,diesel,grey,estate,TRUE,TRUE,TRUE,FALSE,FALSE,FALSE,TRUE,FALSE,5000,30-09-20
BMW,316,180834,85,01-03-12,diesel,grey,estate,FALSE,TRUE,FALSE,FALSE,FALSE,FALSE,TRUE,FALSE,6700,01-10-20
BMW,518,198337,110,01-11-14,diesel,grey,estate,TRUE,TRUE,FALSE,FALSE,TRUE,FALSE,TRUE,TRUE,14900,02-10-20
BMW,318,125547,100,01-09-13,diesel,brown,estate,TRUE,TRUE,FALSE,FALSE,FALSE,FALSE,TRUE,FALSE,13300,03-10-20
BMW,316,181535,85,01-10-13,diesel,brown,estate,FALSE,TRUE,FALSE,FALSE,FALSE,FALSE,TRUE,FALSE,5500,04-10-20
BMW,520,93132,135,01-09-13,diesel,black,estate,FALSE,TRUE,FALSE,FALSE,TRUE,FALSE,TRUE,FALSE,14900,05-10-20
BMW,520,124329,135,01-01-13,petrol,black,estate,TRUE,TRUE,FALSE,FALSE,TRUE,FALSE,TRUE,TRUE,20800,06-10-20
BMW,525,263395,130,01-04-07,diesel,blue,estate,TRUE,TRUE,FALSE,FALSE,TRUE,FALSE,TRUE,TRUE,6900,07-10-20
BMW,316,140538,85,01-05-14,diesel,brown,estate,TRUE,TRUE,FALSE,FALSE,FALSE,FALSE,TRUE,FALSE,7100,08-10-20
BMW,318,78430,100,01-02-14,diesel,black,estate,TRUE,TRUE,FALSE,FALSE,FALSE,FALSE,TRUE,FALSE,15500,09-10-20
BMW,520,135405,140,01-09-14,diesel,grey,estate,FALSE,FALSE,FALSE,FALSE,TRUE,FALSE,TRUE,FALSE,14300,10-10-20
BMW,320,103095,110,01-01-05,diesel,silver,estate,FALSE,TRUE,FALSE,FALSE,FALSE,FALSE,TRUE,FALSE,3300,11-10-20
BMW,320,171327,120,01-07-13,diesel,black,estate,TRUE,TRUE,FALSE,FALSE,FALSE,TRUE,TRUE,FALSE,11500,12-10-20
BMW,318,144215,100,01-12-12,diesel,silver,estate,FALSE,TRUE,FALSE,FALSE,FALSE,FALSE,TRUE,FALSE,10800,13-10-20
BMW,320,196508,120,01-10-12,diesel,grey,estate,FALSE,TRUE,FALSE,FALSE,FALSE,FALSE,TRUE,FALSE,8600,14-10-20
BMW,318,123911,105,01-10-13,diesel,grey,estate,FALSE,TRUE,FALSE,FALSE,FALSE,FALSE,TRUE,TRUE,14300,15-10-20
BMW,316,163318,85,01-02-13,diesel,blue,estate,TRUE,TRUE,FALSE,FALSE,FALSE,FALSE,TRUE,FALSE,9800,16-10-20
BMW,325,106206,155,01-05-13,diesel,blue,estate,TRUE,TRUE,FALSE,FALSE,TRUE,TRUE,TRUE,FALSE,16300,17-10-20
BMW,318,175738,100,01-01-13,diesel,black,estate,FALSE,TRUE,FALSE,FALSE,TRUE,FALSE,TRUE,FALSE,10900,18-10-20
BMW,520,231600,135,01-12-10,diesel,grey,estate,TRUE,TRUE,TRUE,FALSE,TRUE,FALSE,TRUE,TRUE,11400,19-10-20
BMW,318,223126,100,01-06-09,diesel,black,estate,TRUE,FALSE,TRUE,FALSE,FALSE,FALSE,TRUE,FALSE,6400,20-10-20
BMW,535,234860,230,01-03-12,diesel,black,estate,TRUE,TRUE,FALSE,TRUE,TRUE,TRUE,TRUE,TRUE,20500,21-10-20
BMW,520,127981,120,01-11-12,diesel,brown,estate,TRUE,FALSE,FALSE,FALSE,FALSE,FALSE,TRUE,FALSE,14200,22-10-20
BMW,330,134819,190,01-12-13,diesel,grey,estate,TRUE,TRUE,FALSE,FALSE,FALSE,FALSE,TRUE,TRUE,19500,23-10-20
BMW,116,185869,85,01-03-13,diesel,grey,hatchback,FALSE,TRUE,FALSE,FALSE,FALSE,FALSE,TRUE,FALSE,10200,24-10-20
BMW,118,125354,105,01-11-12,diesel,black,hatchback,FALSE,FALSE,FALSE,FALSE,FALSE,FALSE,TRUE,FALSE,14200,25-10-20
BMW,116,110087,85,01-06-13,diesel,black,hatchback,TRUE,TRUE,FALSE,FALSE,FALSE,FALSE,TRUE,FALSE,10000,26-10-20
BMW,120,84106,135,01-12-11,diesel,white,hatchback,FALSE,FALSE,FALSE,FALSE,FALSE,FALSE,FALSE,FALSE,6000,27-10-20
BMW,116,176047,85,01-07-14,diesel,white,hatchback,FALSE,TRUE,FALSE,FALSE,FALSE,FALSE,TRUE,FALSE,14900,28-10-20
BMW,116,121617,85,01-11-11,diesel,black,hatchback,FALSE,FALSE,FALSE,FALSE,FALSE,FALSE,TRUE,FALSE,9300,29-10-20
BMW,118,136684,105,01-05-13,diesel,blue,hatchback,FALSE,FALSE,FALSE,FALSE,FALSE,FALSE,TRUE,TRUE,10900,30-10-20
BMW,116,155869,100,01-05-12,petrol,black,hatchback,FALSE,FALSE,FALSE,FALSE,FALSE,FALSE,TRUE,TRUE,6000,31-10-20
BMW,116,34801,85,01-05-14,diesel,black,hatchback,FALSE,FALSE,FALSE,FALSE,TRUE,TRUE,TRUE,FALSE,12000,01-11-20
BMW,320,163573,127,01-02-13,petrol,brown,hatchback,TRUE,TRUE,FALSE,FALSE,TRUE,FALSE,TRUE,FALSE,10100,02-11-20
BMW,116,59043,85,01-05-14,diesel,black,hatchback,FALSE,FALSE,FALSE,FALSE,FALSE,FALSE,FALSE,FALSE,11700,03-11-20
BMW,116,87337,105,01-12-13,diesel,blue,hatchback,FALSE,FALSE,FALSE,FALSE,FALSE,FALSE,FALSE,FALSE,10800,04-11-20
BMW,118,67923,110,01-06-15,diesel,grey,hatchback,FALSE,TRUE,FALSE,FALSE,FALSE,FALSE,TRUE,FALSE,13000,05-11-20
BMW,118,366026,90,01-11-06,diesel,grey,hatchback,FALSE,FALSE,FALSE,FALSE,FALSE,FALSE,TRUE,FALSE,3600,06-11-20
BMW,116,31250,85,01-08-13,diesel,white,hatchback,FALSE,FALSE,FALSE,FALSE,FALSE,FALSE,TRUE,FALSE,10600,07-11-20
BMW,116,114544,85,01-07-13,diesel,black,hatchback,FALSE,TRUE,FALSE,FALSE,FALSE,FALSE,TRUE,FALSE,9900,08-11-20
BMW,116,178558,85,01-10-12,diesel,white,hatchback,FALSE,FALSE,FALSE,FALSE,FALSE,FALSE,TRUE,FALSE,8000,09-11-20
BMW,125,151535,160,01-06-12,diesel,red,hatchback,FALSE,FALSE,FALSE,FALSE,TRUE,TRUE,TRUE,FALSE,12000,10-11-20
BMW,116,163869,85,01-07-13,diesel,red,hatchback,FALSE,FALSE,FALSE,FALSE,FALSE,FALSE,TRUE,FALSE,9800,11-11-20
BMW,116,155570,85,01-10-12,diesel,black,hatchback,FALSE,TRUE,FALSE,FALSE,FALSE,FALSE,TRUE,FALSE,9900,12-11-20
BMW,116,23576,85,01-10-13,diesel,grey,hatchback,FALSE,FALSE,FALSE,FALSE,FALSE,FALSE,TRUE,FALSE,11300,13-11-20
BMW,118,124132,105,01-04-14,diesel,blue,hatchback,FALSE,TRUE,FALSE,FALSE,FALSE,FALSE,TRUE,FALSE,11000,14-11-20
BMW,320,149826,120,01-02-13,diesel,white,hatchback,TRUE,TRUE,FALSE,FALSE,TRUE,FALSE,TRUE,TRUE,15000,15-11-20
BMW,318 Gran Turismo,181672,105,01-05-14,diesel,white,hatchback,TRUE,TRUE,FALSE,FALSE,TRUE,FALSE,TRUE,FALSE,13300,16-11-20
BMW,320 Gran Turismo,55308,135,01-08-14,diesel,brown,hatchback,TRUE,TRUE,TRUE,FALSE,FALSE,FALSE,TRUE,TRUE,22600,17-11-20
BMW,120,107246,135,01-01-13,diesel,blue,hatchback,FALSE,FALSE,FALSE,FALSE,FALSE,FALSE,FALSE,FALSE,13400,18-11-20
BMW,116,42500,85,01-11-15,diesel,black,hatchback,FALSE,TRUE,FALSE,FALSE,FALSE,FALSE,TRUE,FALSE,13700,19-11-20
BMW,116,44969,100,01-12-13,petrol,black,hatchback,FALSE,FALSE,FALSE,FALSE,FALSE,FALSE,FALSE,FALSE,2400,20-11-20
BMW,116,119045,85,01-01-13,diesel,white,hatchback,FALSE,TRUE,FALSE,FALSE,TRUE,TRUE,TRUE,FALSE,11100,21-11-20
BMW,420 Gran CoupÃ©,41690,140,01-10-15,diesel,black,hatchback,FALSE,TRUE,FALSE,FALSE,TRUE,TRUE,TRUE,FALSE,22600,22-11-20
BMW,125,29464,160,01-12-13,diesel,white,hatchback,FALSE,FALSE,FALSE,FALSE,FALSE,FALSE,FALSE,FALSE,9500,23-11-20
BMW,116,74088,85,01-05-12,diesel,grey,hatchback,FALSE,FALSE,FALSE,FALSE,FALSE,FALSE,TRUE,FALSE,10000,24-11-20
BMW,120,90599,135,01-06-14,diesel,grey,hatchback,TRUE,FALSE,FALSE,TRUE,TRUE,FALSE,TRUE,FALSE,13200,25-11-20
BMW,116,75617,85,01-02-13,diesel,white,hatchback,FALSE,FALSE,FALSE,FALSE,FALSE,FALSE,FALSE,FALSE,11300,26-11-20
BMW,116,10708,85,01-08-16,diesel,grey,hatchback,FALSE,TRUE,FALSE,FALSE,FALSE,FALSE,TRUE,FALSE,11100,27-11-20
BMW,118,119192,105,01-08-13,diesel,black,hatchback,FALSE,FALSE,FALSE,FALSE,FALSE,FALSE,FALSE,FALSE,10200,28-11-20
BMW,118,120350,105,01-05-14,diesel,grey,hatchback,FALSE,TRUE,FALSE,FALSE,FALSE,FALSE,TRUE,FALSE,3600,29-11-20
BMW,116,114077,85,01-05-13,diesel,grey,hatchback,FALSE,FALSE,FALSE,FALSE,FALSE,FALSE,TRUE,FALSE,9300,30-11-20
BMW,118,61993,105,01-07-13,diesel,grey,hatchback,FALSE,FALSE,FALSE,FALSE,FALSE,FALSE,TRUE,FALSE,10500,01-12-20
BMW,i3,152328,25,01-02-14,hybrid_petrol,black,hatchback,FALSE,TRUE,FALSE,FALSE,FALSE,FALSE,TRUE,TRUE,20300,02-12-20
BMW,118,142907,105,01-04-13,diesel,blue,hatchback,FALSE,FALSE,FALSE,FALSE,FALSE,FALSE,FALSE,FALSE,5000,03-12-20
BMW,118,179435,105,01-12-13,diesel,grey,hatchback,FALSE,TRUE,FALSE,FALSE,TRUE,FALSE,TRUE,TRUE,12800,04-12-20
BMW,118,279767,100,01-04-09,diesel,white,hatchback,TRUE,TRUE,FALSE,FALSE,FALSE,FALSE,TRUE,FALSE,4400,05-12-20
BMW,116,169586,85,01-02-13,diesel,black,hatchback,FALSE,FALSE,FALSE,FALSE,FALSE,FALSE,TRUE,FALSE,9100,06-12-20
BMW,420,123816,140,01-08-15,diesel,black,hatchback,FALSE,FALSE,FALSE,FALSE,FALSE,FALSE,FALSE,TRUE,13100,07-12-20
BMW,116,103195,85,01-06-13,diesel,grey,hatchback,TRUE,TRUE,FALSE,FALSE,FALSE,FALSE,TRUE,FALSE,10900,08-12-20
BMW,116,127723,85,01-08-12,diesel,grey,hatchback,FALSE,FALSE,FALSE,FALSE,FALSE,FALSE,TRUE,FALSE,8600,09-12-20
BMW,114,179307,70,01-08-14,diesel,blue,hatchback,FALSE,TRUE,FALSE,FALSE,FALSE,FALSE,TRUE,FALSE,8300,10-12-20
BMW,520,194632,110,01-07-00,petrol,silver,hatchback,FALSE,FALSE,TRUE,FALSE,FALSE,FALSE,TRUE,FALSE,900,11-12-20
BMW,116,74031,85,01-09-14,diesel,black,hatchback,FALSE,TRUE,FALSE,FALSE,FALSE,FALSE,TRUE,FALSE,12000,12-12-20
BMW,116,71037,85,01-08-12,diesel,blue,hatchback,TRUE,TRUE,FALSE,FALSE,TRUE,TRUE,TRUE,FALSE,10700,13-12-20
BMW,116,101583,85,01-05-12,diesel,black,hatchback,FALSE,FALSE,FALSE,FALSE,FALSE,TRUE,TRUE,FALSE,8900,14-12-20
BMW,118,281110,105,01-01-09,diesel,black,hatchback,FALSE,FALSE,FALSE,FALSE,FALSE,FALSE,TRUE,FALSE,3500,15-12-20
BMW,118,103794,100,01-07-14,diesel,grey,hatchback,FALSE,TRUE,TRUE,FALSE,TRUE,TRUE,TRUE,FALSE,15700,16-12-20
BMW,118,98953,100,01-02-12,diesel,grey,hatchback,TRUE,FALSE,TRUE,FALSE,FALSE,TRUE,TRUE,FALSE,9900,17-12-20
BMW,520 Gran Turismo,91911,135,01-06-14,diesel,grey,hatchback,FALSE,TRUE,FALSE,FALSE,TRUE,FALSE,TRUE,TRUE,24400,18-12-20
BMW,420 Gran CoupÃ©,104133,140,01-03-15,diesel,white,hatchback,TRUE,FALSE,TRUE,FALSE,TRUE,FALSE,TRUE,TRUE,30200,19-12-20
BMW,118,144220,100,01-03-12,diesel,black,hatchback,TRUE,TRUE,FALSE,FALSE,FALSE,TRUE,TRUE,TRUE,10900,20-12-20
BMW,320,180747,119,01-07-12,diesel,black,hatchback,FALSE,FALSE,FALSE,FALSE,FALSE,FALSE,TRUE,TRUE,11200,21-12-20
BMW,520,184393,140,01-10-14,diesel,black,hatchback,FALSE,FALSE,TRUE,FALSE,FALSE,FALSE,FALSE,TRUE,21200,22-12-20
BMW,530 Gran Turismo,375686,190,01-10-13,diesel,white,hatchback,TRUE,TRUE,TRUE,FALSE,TRUE,FALSE,TRUE,TRUE,17100,23-12-20
BMW,316,56264,85,01-09-14,diesel,black,hatchback,FALSE,TRUE,FALSE,FALSE,FALSE,FALSE,TRUE,TRUE,8900,24-12-20
BMW,116,173913,85,01-11-09,diesel,white,hatchback,FALSE,FALSE,FALSE,FALSE,FALSE,FALSE,TRUE,FALSE,5000,25-12-20
BMW,116,124017,85,01-11-12,diesel,brown,hatchback,FALSE,TRUE,FALSE,FALSE,FALSE,FALSE,TRUE,FALSE,9000,26-12-20
BMW,116,71857,85,01-11-14,diesel,blue,hatchback,FALSE,TRUE,FALSE,FALSE,FALSE,FALSE,TRUE,FALSE,15200,27-12-20
BMW,116,108352,85,01-09-13,diesel,grey,hatchback,FALSE,TRUE,FALSE,FALSE,FALSE,FALSE,TRUE,FALSE,11200,28-12-20
BMW,118,27451,100,01-10-13,diesel,black,hatchback,FALSE,FALSE,FALSE,FALSE,TRUE,TRUE,TRUE,TRUE,15800,29-12-20
BMW,530,178650,192,01-06-15,diesel,grey,hatchback,TRUE,TRUE,FALSE,FALSE,TRUE,FALSE,TRUE,TRUE,21100,30-12-20
BMW,320 Gran Turismo,144854,135,01-12-13,diesel,white,hatchback,FALSE,TRUE,FALSE,TRUE,TRUE,FALSE,TRUE,TRUE,18200,31-12-20
BMW,118,71718,105,01-02-14,diesel,black,hatchback,FALSE,TRUE,FALSE,FALSE,FALSE,FALSE,TRUE,FALSE,3000,01-01-20
BMW,320 Gran Turismo,164545,135,01-10-14,diesel,black,hatchback,FALSE,TRUE,FALSE,TRUE,TRUE,TRUE,TRUE,FALSE,16200,02-01-20
BMW,118,15106,110,01-11-16,diesel,grey,hatchback,FALSE,TRUE,FALSE,FALSE,FALSE,TRUE,TRUE,TRUE,15800,03-01-20
BMW,116,146918,85,01-03-14,diesel,white,hatchback,TRUE,TRUE,FALSE,FALSE,FALSE,FALSE,TRUE,FALSE,11500,04-01-20
BMW,116,139656,85,01-06-12,diesel,white,hatchback,FALSE,TRUE,FALSE,FALSE,TRUE,FALSE,TRUE,FALSE,9400,05-01-20
BMW,116,181016,85,01-11-13,diesel,black,hatchback,FALSE,TRUE,FALSE,FALSE,TRUE,FALSE,TRUE,FALSE,11900,06-01-20
BMW,116,174524,85,01-07-14,diesel,blue,hatchback,FALSE,TRUE,FALSE,FALSE,FALSE,FALSE,TRUE,TRUE,100,07-01-20
BMW,116,116739,85,01-05-14,diesel,brown,hatchback,FALSE,TRUE,FALSE,FALSE,FALSE,FALSE,TRUE,FALSE,8900,08-01-20
BMW,318 Gran Turismo,170478,105,01-03-14,diesel,grey,hatchback,FALSE,TRUE,FALSE,FALSE,TRUE,TRUE,TRUE,TRUE,16600,09-01-20
BMW,116,202753,85,01-05-12,diesel,grey,hatchback,TRUE,TRUE,FALSE,FALSE,FALSE,TRUE,TRUE,FALSE,9200,10-01-20
BMW,118,16726,110,01-10-15,diesel,black,hatchback,FALSE,TRUE,FALSE,FALSE,FALSE,FALSE,TRUE,FALSE,15400,11-01-20
BMW,530 Gran Turismo,271901,180,01-06-11,diesel,grey,hatchback,TRUE,TRUE,TRUE,TRUE,TRUE,FALSE,TRUE,TRUE,16700,12-01-20
BMW,118,54817,110,01-06-15,diesel,black,hatchback,FALSE,TRUE,FALSE,FALSE,FALSE,FALSE,TRUE,TRUE,17000,13-01-20
BMW,116,147717,101,01-02-12,petrol,black,hatchback,TRUE,TRUE,FALSE,FALSE,FALSE,FALSE,TRUE,TRUE,8400,14-01-20
BMW,320 Gran Turismo,116707,135,01-04-14,diesel,beige,hatchback,TRUE,TRUE,FALSE,FALSE,TRUE,FALSE,TRUE,TRUE,19200,15-01-20
BMW,116,44687,85,01-05-13,diesel,brown,hatchback,TRUE,FALSE,FALSE,FALSE,FALSE,FALSE,TRUE,FALSE,11200,16-01-20
BMW,118,52363,110,01-07-15,diesel,black,hatchback,FALSE,TRUE,FALSE,FALSE,FALSE,TRUE,TRUE,TRUE,24400,17-01-20
BMW,320 Gran Turismo,127499,135,01-10-13,diesel,blue,hatchback,FALSE,FALSE,FALSE,FALSE,FALSE,FALSE,FALSE,FALSE,13100,18-01-20
BMW,520 Gran Turismo,125624,135,01-07-13,diesel,silver,hatchback,TRUE,TRUE,TRUE,FALSE,TRUE,FALSE,TRUE,TRUE,21700,19-01-20
BMW,116,31930,85,01-07-13,diesel,black,hatchback,FALSE,TRUE,FALSE,FALSE,FALSE,FALSE,TRUE,FALSE,12400,20-01-20
BMW,118,113964,90,01-01-08,diesel,black,hatchback,TRUE,FALSE,FALSE,FALSE,FALSE,FALSE,TRUE,FALSE,4500,21-01-20
BMW,114,100398,70,01-02-14,diesel,white,hatchback,FALSE,TRUE,FALSE,FALSE,FALSE,TRUE,TRUE,FALSE,10700,22-01-20
BMW,420 Gran CoupÃ©,57457,140,01-09-15,diesel,black,hatchback,TRUE,TRUE,TRUE,FALSE,TRUE,FALSE,TRUE,TRUE,25700,23-01-20
BMW,116,123526,85,01-10-11,diesel,blue,hatchback,FALSE,FALSE,FALSE,FALSE,FALSE,FALSE,TRUE,FALSE,5500,24-01-20
BMW,116,119912,85,01-09-09,diesel,black,hatchback,FALSE,FALSE,FALSE,FALSE,FALSE,FALSE,TRUE,FALSE,6400,25-01-20
BMW,320 Gran Turismo,184452,135,01-01-14,diesel,black,hatchback,FALSE,TRUE,FALSE,FALSE,TRUE,FALSE,TRUE,TRUE,18300,26-01-20
BMW,116,62153,85,01-05-13,diesel,black,hatchback,FALSE,FALSE,FALSE,FALSE,FALSE,FALSE,TRUE,FALSE,10400,27-01-20
BMW,118,53647,110,01-12-15,diesel,blue,hatchback,FALSE,TRUE,FALSE,FALSE,FALSE,FALSE,TRUE,FALSE,14500,28-01-20
BMW,118,53723,110,01-10-15,diesel,blue,hatchback,FALSE,TRUE,FALSE,FALSE,FALSE,FALSE,TRUE,FALSE,13800,29-01-20
BMW,320 Gran Turismo,183911,135,01-06-14,diesel,grey,hatchback,FALSE,TRUE,FALSE,FALSE,TRUE,TRUE,TRUE,TRUE,16100,30-01-20
BMW,320,143748,120,01-12-13,diesel,brown,hatchback,TRUE,TRUE,FALSE,FALSE,FALSE,FALSE,TRUE,FALSE,12100,31-01-20
BMW,320,150445,120,01-08-13,diesel,black,hatchback,TRUE,TRUE,FALSE,FALSE,FALSE,FALSE,TRUE,FALSE,11900,01-02-20
BMW,116,147270,85,01-03-13,diesel,black,hatchback,FALSE,TRUE,FALSE,FALSE,TRUE,FALSE,TRUE,FALSE,10700,02-02-20
BMW,118,186656,105,01-06-07,diesel,black,hatchback,FALSE,FALSE,FALSE,FALSE,FALSE,FALSE,TRUE,FALSE,4900,03-02-20
BMW,118,188183,100,01-09-08,diesel,black,hatchback,FALSE,FALSE,FALSE,FALSE,FALSE,FALSE,TRUE,FALSE,4600,04-02-20
BMW,118,192063,90,01-11-06,diesel,black,hatchback,FALSE,FALSE,FALSE,FALSE,FALSE,FALSE,TRUE,FALSE,3300,05-02-20
BMW,116,156386,85,01-09-13,diesel,black,hatchback,FALSE,TRUE,FALSE,FALSE,FALSE,FALSE,TRUE,FALSE,8900,06-02-20
BMW,118,127155,125,01-03-12,petrol,blue,hatchback,FALSE,TRUE,FALSE,FALSE,TRUE,FALSE,TRUE,TRUE,7300,07-02-20
BMW,116,103226,85,01-05-14,diesel,white,hatchback,FALSE,TRUE,FALSE,FALSE,TRUE,FALSE,TRUE,TRUE,13000,08-02-20
BMW,116,47793,85,01-06-15,diesel,black,hatchback,FALSE,TRUE,TRUE,FALSE,FALSE,TRUE,TRUE,FALSE,15100,09-02-20
BMW,318 Gran Turismo,159428,100,01-07-13,diesel,grey,hatchback,FALSE,TRUE,FALSE,FALSE,FALSE,FALSE,TRUE,FALSE,11500,10-02-20
BMW,118,149638,105,01-03-13,diesel,blue,hatchback,FALSE,TRUE,FALSE,FALSE,TRUE,TRUE,TRUE,FALSE,13700,11-02-20
BMW,318 Gran Turismo,124312,100,01-01-14,diesel,beige,hatchback,TRUE,TRUE,FALSE,FALSE,FALSE,TRUE,TRUE,TRUE,17000,12-02-20
BMW,116,49161,85,01-05-13,diesel,blue,hatchback,FALSE,FALSE,FALSE,FALSE,FALSE,FALSE,TRUE,FALSE,11400,13-02-20
BMW,118,188983,105,01-11-13,diesel,black,hatchback,FALSE,FALSE,FALSE,FALSE,FALSE,FALSE,TRUE,FALSE,8000,14-02-20
BMW,118,48520,110,01-10-15,diesel,white,hatchback,FALSE,TRUE,FALSE,FALSE,FALSE,FALSE,TRUE,FALSE,15400,15-02-20
BMW,116,163252,85,01-11-13,diesel,white,hatchback,FALSE,TRUE,FALSE,FALSE,TRUE,FALSE,TRUE,FALSE,9500,16-02-20
BMW,320,119908,120,01-04-12,diesel,brown,hatchback,TRUE,TRUE,TRUE,FALSE,TRUE,FALSE,TRUE,TRUE,16800,17-02-20
BMW,520,180010,142,01-01-15,diesel,black,hatchback,TRUE,TRUE,FALSE,FALSE,TRUE,TRUE,TRUE,TRUE,22500,18-02-20
BMW,120,144561,135,01-03-14,diesel,blue,hatchback,TRUE,TRUE,FALSE,FALSE,FALSE,FALSE,TRUE,FALSE,10100,19-02-20
BMW,320,112595,127,01-10-13,petrol,black,hatchback,TRUE,TRUE,FALSE,FALSE,TRUE,TRUE,TRUE,FALSE,14300,20-02-20
BMW,116,154269,85,01-05-12,diesel,silver,hatchback,FALSE,FALSE,FALSE,FALSE,FALSE,FALSE,TRUE,FALSE,8600,21-02-20
BMW,118,118097,105,01-03-13,diesel,white,hatchback,FALSE,FALSE,FALSE,FALSE,FALSE,FALSE,FALSE,FALSE,800,22-02-20
BMW,116,74331,85,01-09-13,diesel,black,hatchback,FALSE,FALSE,FALSE,FALSE,FALSE,FALSE,TRUE,FALSE,10500,23-02-20
BMW,320 Gran Turismo,117082,135,01-05-14,diesel,black,hatchback,FALSE,TRUE,FALSE,FALSE,TRUE,FALSE,TRUE,TRUE,17300,24-02-20
BMW,116,127059,85,01-05-14,diesel,grey,hatchback,FALSE,FALSE,FALSE,FALSE,FALSE,FALSE,FALSE,TRUE,3600,25-02-20
BMW,318 Gran Turismo,191225,100,01-10-13,diesel,beige,hatchback,FALSE,TRUE,FALSE,FALSE,FALSE,FALSE,TRUE,FALSE,12500,26-02-20
BMW,320,165476,122,01-11-14,diesel,white,hatchback,TRUE,TRUE,FALSE,FALSE,TRUE,FALSE,TRUE,FALSE,15700,27-02-20
BMW,420 Gran CoupÃ©,78156,135,01-10-14,diesel,blue,hatchback,TRUE,TRUE,TRUE,FALSE,FALSE,FALSE,FALSE,TRUE,22400,28-02-20
BMW,116,16615,85,01-10-16,diesel,black,hatchback,FALSE,TRUE,FALSE,FALSE,FALSE,FALSE,TRUE,FALSE,16100,29-02-20
BMW,320 Gran Turismo,176176,120,01-07-13,diesel,grey,hatchback,TRUE,TRUE,FALSE,FALSE,FALSE,TRUE,TRUE,FALSE,15400,01-03-20
BMW,318 Gran Turismo,122904,100,01-10-14,diesel,brown,hatchback,FALSE,TRUE,FALSE,FALSE,FALSE,FALSE,TRUE,FALSE,11900,02-03-20
BMW,118,112381,105,01-07-13,diesel,white,hatchback,FALSE,FALSE,FALSE,FALSE,FALSE,FALSE,FALSE,FALSE,8700,03-03-20
BMW,320,182401,122,01-07-13,diesel,brown,hatchback,FALSE,TRUE,FALSE,FALSE,FALSE,FALSE,TRUE,TRUE,13700,04-03-20
BMW,116,171543,85,01-04-13,diesel,blue,hatchback,TRUE,FALSE,FALSE,FALSE,FALSE,FALSE,TRUE,FALSE,8000,05-03-20
BMW,318 Gran Turismo,123574,105,01-05-14,diesel,black,hatchback,FALSE,TRUE,FALSE,FALSE,FALSE,FALSE,TRUE,TRUE,13700,06-03-20
BMW,118,199727,105,01-05-13,diesel,white,hatchback,FALSE,TRUE,FALSE,FALSE,TRUE,TRUE,TRUE,FALSE,10600,07-03-20
BMW,320 Gran Turismo,189444,120,01-05-14,diesel,silver,hatchback,TRUE,TRUE,FALSE,TRUE,TRUE,FALSE,TRUE,TRUE,16500,08-03-20
BMW,118,47748,105,01-05-14,diesel,white,hatchback,FALSE,TRUE,TRUE,FALSE,FALSE,FALSE,FALSE,TRUE,13400,09-03-20
BMW,i3,26542,75,01-03-14,electro,grey,hatchback,FALSE,TRUE,FALSE,FALSE,FALSE,FALSE,TRUE,TRUE,20900,10-03-20
BMW,318 Gran Turismo,133839,100,01-11-13,diesel,blue,hatchback,TRUE,TRUE,FALSE,FALSE,TRUE,TRUE,TRUE,FALSE,15700,11-03-20
BMW,116,125225,85,01-09-13,diesel,blue,hatchback,TRUE,TRUE,TRUE,FALSE,TRUE,TRUE,TRUE,FALSE,9800,12-03-20
BMW,116,220943,85,01-11-12,diesel,black,hatchback,FALSE,FALSE,FALSE,FALSE,FALSE,FALSE,TRUE,FALSE,8300,13-03-20
BMW,M135,94497,239,01-05-14,petrol,grey,hatchback,TRUE,FALSE,FALSE,FALSE,TRUE,FALSE,TRUE,TRUE,25700,14-03-20
BMW,318 Gran Turismo,129351,105,01-12-14,diesel,white,hatchback,FALSE,TRUE,FALSE,FALSE,FALSE,FALSE,TRUE,FALSE,14700,15-03-20
BMW,116,113791,85,01-06-12,diesel,grey,hatchback,FALSE,FALSE,FALSE,FALSE,FALSE,TRUE,TRUE,TRUE,11900,16-03-20
BMW,318 Gran Turismo,182833,105,01-04-14,diesel,black,hatchback,FALSE,FALSE,FALSE,FALSE,FALSE,FALSE,TRUE,TRUE,14300,17-03-20
BMW,320,113134,137,01-10-13,diesel,black,hatchback,TRUE,TRUE,TRUE,FALSE,TRUE,FALSE,TRUE,TRUE,19200,18-03-20
BMW,318 Gran Turismo,165740,100,01-01-14,diesel,grey,hatchback,FALSE,TRUE,FALSE,FALSE,FALSE,FALSE,TRUE,FALSE,12700,19-03-20
BMW,116,90283,85,01-08-13,diesel,grey,hatchback,FALSE,FALSE,FALSE,FALSE,FALSE,FALSE,TRUE,FALSE,6700,20-03-20
BMW,116,219512,85,01-09-13,diesel,blue,hatchback,TRUE,TRUE,FALSE,FALSE,FALSE,FALSE,TRUE,TRUE,9700,21-03-20
BMW,116,121953,85,01-07-09,diesel,grey,hatchback,FALSE,FALSE,FALSE,FALSE,FALSE,FALSE,TRUE,FALSE,6400,22-03-20
BMW,318 Gran Turismo,146220,100,01-08-13,diesel,black,hatchback,TRUE,TRUE,FALSE,FALSE,FALSE,TRUE,TRUE,FALSE,16200,23-03-20
BMW,430 Gran CoupÃ©,56955,190,01-09-15,diesel,black,hatchback,TRUE,TRUE,FALSE,TRUE,FALSE,FALSE,TRUE,TRUE,30800,24-03-20
BMW,118,36266,110,01-10-15,diesel,grey,hatchback,FALSE,TRUE,FALSE,FALSE,FALSE,FALSE,TRUE,FALSE,15100,25-03-20
BMW,118,199021,90,01-02-06,diesel,black,hatchback,TRUE,TRUE,TRUE,FALSE,FALSE,FALSE,TRUE,FALSE,4900,26-03-20
BMW,420 Gran CoupÃ©,27966,140,01-05-16,diesel,white,hatchback,TRUE,TRUE,TRUE,FALSE,FALSE,FALSE,FALSE,TRUE,29500,27-03-20
BMW,320,149888,120,01-02-13,diesel,white,hatchback,TRUE,TRUE,FALSE,FALSE,TRUE,FALSE,TRUE,TRUE,15100,28-03-20
BMW,116,174926,85,01-07-09,diesel,grey,hatchback,FALSE,FALSE,FALSE,FALSE,FALSE,FALSE,TRUE,FALSE,6000,29-03-20
BMW,118,147703,127,01-08-13,petrol,blue,hatchback,TRUE,TRUE,FALSE,FALSE,TRUE,FALSE,TRUE,FALSE,10100,30-03-20
BMW,116,155334,85,01-09-12,diesel,black,hatchback,FALSE,FALSE,FALSE,FALSE,TRUE,FALSE,TRUE,FALSE,8300,31-03-20
BMW,116,181022,85,01-06-12,diesel,grey,hatchback,FALSE,FALSE,FALSE,FALSE,TRUE,FALSE,TRUE,FALSE,9000,01-04-20
BMW,116,72402,85,01-11-14,diesel,blue,hatchback,FALSE,TRUE,FALSE,FALSE,FALSE,FALSE,TRUE,FALSE,15200,02-04-20
BMW,116,163176,85,01-08-13,diesel,blue,hatchback,TRUE,TRUE,FALSE,FALSE,TRUE,FALSE,TRUE,FALSE,5700,03-04-20
BMW,120,137827,135,01-11-14,diesel,white,hatchback,FALSE,FALSE,FALSE,FALSE,FALSE,FALSE,FALSE,TRUE,15100,04-04-20
BMW,116,81668,85,01-05-13,diesel,grey,hatchback,FALSE,FALSE,FALSE,FALSE,FALSE,FALSE,TRUE,FALSE,9000,05-04-20
BMW,118,73628,100,01-02-12,diesel,black,hatchback,TRUE,TRUE,FALSE,FALSE,FALSE,FALSE,TRUE,TRUE,11700,06-04-20
BMW,116,171974,85,01-06-12,diesel,black,hatchback,FALSE,TRUE,FALSE,FALSE,FALSE,FALSE,TRUE,FALSE,9000,07-04-20
BMW,118,160704,105,01-11-12,diesel,black,hatchback,FALSE,FALSE,FALSE,FALSE,FALSE,TRUE,TRUE,FALSE,9600,08-04-20
BMW,i3,152470,25,01-02-14,hybrid_petrol,black,hatchback,FALSE,TRUE,FALSE,FALSE,FALSE,FALSE,TRUE,TRUE,15500,09-04-20
BMW,116,130922,85,01-01-11,diesel,black,hatchback,FALSE,FALSE,FALSE,FALSE,FALSE,FALSE,TRUE,FALSE,6300,10-04-20
BMW,116,125941,85,01-05-12,diesel,black,hatchback,TRUE,TRUE,FALSE,FALSE,TRUE,FALSE,TRUE,FALSE,10000,11-04-20
BMW,116,75341,85,01-09-14,diesel,black,hatchback,FALSE,FALSE,FALSE,FALSE,FALSE,FALSE,TRUE,FALSE,10600,12-04-20
BMW,318 Gran Turismo,159907,105,01-03-14,diesel,beige,hatchback,FALSE,TRUE,FALSE,FALSE,TRUE,TRUE,TRUE,TRUE,15600,13-04-20
BMW,116,177549,85,01-02-14,diesel,white,hatchback,FALSE,TRUE,FALSE,FALSE,TRUE,FALSE,TRUE,FALSE,10900,14-04-20
BMW,520,156514,120,01-03-15,diesel,black,hatchback,TRUE,TRUE,FALSE,FALSE,TRUE,FALSE,TRUE,FALSE,14900,15-04-20
BMW,320 Gran Turismo,95345,135,01-11-14,diesel,white,hatchback,FALSE,FALSE,FALSE,FALSE,TRUE,FALSE,TRUE,TRUE,16100,16-04-20
BMW,116,148480,85,01-01-13,diesel,blue,hatchback,FALSE,TRUE,FALSE,FALSE,FALSE,FALSE,TRUE,FALSE,9400,17-04-20
BMW,118,321955,100,01-08-08,diesel,grey,hatchback,FALSE,FALSE,FALSE,FALSE,FALSE,TRUE,TRUE,FALSE,3800,18-04-20
BMW,520,70516,135,01-01-13,diesel,white,hatchback,TRUE,TRUE,FALSE,FALSE,TRUE,FALSE,TRUE,FALSE,18100,19-04-20
BMW,118,196234,105,01-04-12,diesel,blue,hatchback,FALSE,TRUE,FALSE,FALSE,TRUE,FALSE,TRUE,TRUE,11000,20-04-20
BMW,320,119087,110,01-04-04,diesel,silver,hatchback,TRUE,FALSE,FALSE,FALSE,FALSE,FALSE,TRUE,FALSE,4000,21-04-20
BMW,120,188371,130,01-07-08,diesel,black,hatchback,TRUE,TRUE,TRUE,FALSE,TRUE,FALSE,TRUE,FALSE,5400,22-04-20
BMW,118,77380,105,01-03-12,diesel,blue,hatchback,FALSE,FALSE,FALSE,FALSE,FALSE,FALSE,FALSE,TRUE,12000,23-04-20
BMW,116,116538,85,01-10-09,diesel,white,hatchback,FALSE,FALSE,FALSE,FALSE,FALSE,FALSE,TRUE,FALSE,6700,24-04-20
BMW,116,89191,85,01-06-12,diesel,black,hatchback,FALSE,FALSE,FALSE,FALSE,FALSE,FALSE,TRUE,FALSE,10000,25-04-20
BMW,318 Gran Turismo,182353,100,01-03-14,diesel,blue,hatchback,FALSE,TRUE,FALSE,FALSE,FALSE,FALSE,TRUE,FALSE,12700,26-04-20
BMW,116,120427,85,01-11-13,diesel,white,hatchback,FALSE,TRUE,FALSE,FALSE,FALSE,FALSE,TRUE,FALSE,7700,27-04-20
BMW,118,160867,105,01-06-12,diesel,white,hatchback,TRUE,FALSE,TRUE,FALSE,TRUE,TRUE,TRUE,FALSE,8300,28-04-20
BMW,320 Gran Turismo,195063,135,01-05-14,diesel,black,hatchback,FALSE,TRUE,TRUE,FALSE,TRUE,FALSE,TRUE,TRUE,16200,29-04-20
BMW,118,188784,105,01-11-13,diesel,black,hatchback,FALSE,FALSE,FALSE,FALSE,FALSE,FALSE,TRUE,FALSE,7900,30-04-20
BMW,118,63008,100,01-06-13,diesel,green,hatchback,TRUE,TRUE,TRUE,FALSE,FALSE,TRUE,TRUE,FALSE,10100,01-05-20
BMW,118,89403,105,01-08-12,diesel,blue,hatchback,TRUE,TRUE,FALSE,FALSE,FALSE,TRUE,TRUE,TRUE,13700,02-05-20
BMW,530 Gran Turismo,286329,180,01-06-11,diesel,black,hatchback,TRUE,TRUE,TRUE,FALSE,TRUE,FALSE,TRUE,TRUE,15800,03-05-20
BMW,118,98490,105,01-01-13,diesel,white,hatchback,FALSE,TRUE,FALSE,FALSE,TRUE,FALSE,TRUE,TRUE,12800,04-05-20
BMW,120,74846,135,01-06-13,diesel,white,hatchback,FALSE,TRUE,TRUE,FALSE,FALSE,FALSE,FALSE,FALSE,13200,05-05-20
BMW,318 Gran Turismo,152385,105,01-03-14,diesel,black,hatchback,TRUE,TRUE,FALSE,FALSE,TRUE,FALSE,TRUE,TRUE,15900,06-05-20
BMW,418 Gran CoupÃ©,153280,100,01-07-14,diesel,black,hatchback,TRUE,TRUE,FALSE,FALSE,TRUE,FALSE,TRUE,TRUE,20600,07-05-20
BMW,116,53686,85,01-04-13,diesel,black,hatchback,FALSE,TRUE,FALSE,FALSE,FALSE,FALSE,TRUE,FALSE,11900,08-05-20
BMW,318 Gran Turismo,111235,105,01-07-14,diesel,beige,hatchback,FALSE,TRUE,FALSE,FALSE,TRUE,FALSE,TRUE,FALSE,16700,09-05-20
BMW,116,27531,85,01-01-15,diesel,black,hatchback,FALSE,TRUE,FALSE,FALSE,TRUE,TRUE,TRUE,FALSE,2800,10-05-20
BMW,318 Gran Turismo,180032,105,01-03-14,diesel,grey,hatchback,TRUE,TRUE,FALSE,FALSE,FALSE,FALSE,TRUE,FALSE,14300,11-05-20
BMW,320,201492,120,01-11-13,diesel,black,hatchback,FALSE,FALSE,FALSE,FALSE,FALSE,FALSE,FALSE,TRUE,14300,12-05-20
BMW,116,177472,85,01-03-12,diesel,black,hatchback,FALSE,FALSE,FALSE,FALSE,FALSE,FALSE,TRUE,FALSE,7300,13-05-20
BMW,116,175983,85,01-03-13,diesel,grey,hatchback,FALSE,TRUE,FALSE,FALSE,TRUE,FALSE,TRUE,FALSE,11500,14-05-20
BMW,118,180221,105,01-11-11,diesel,blue,hatchback,FALSE,TRUE,TRUE,FALSE,FALSE,FALSE,TRUE,FALSE,8400,15-05-20
BMW,520 Gran Turismo,106431,135,01-03-14,diesel,black,hatchback,TRUE,TRUE,TRUE,FALSE,FALSE,FALSE,FALSE,TRUE,23900,16-05-20
BMW,118,63928,105,01-07-12,diesel,grey,hatchback,TRUE,TRUE,FALSE,FALSE,FALSE,FALSE,TRUE,TRUE,11300,17-05-20
BMW,116,43694,85,01-03-13,diesel,blue,hatchback,TRUE,TRUE,FALSE,FALSE,FALSE,FALSE,TRUE,FALSE,7300,18-05-20
BMW,320 Gran Turismo,56938,120,01-01-14,diesel,red,hatchback,FALSE,TRUE,FALSE,FALSE,FALSE,FALSE,TRUE,TRUE,17300,19-05-20
BMW,318 Gran Turismo,178834,100,01-01-14,diesel,grey,hatchback,TRUE,TRUE,FALSE,FALSE,TRUE,FALSE,TRUE,FALSE,13100,20-05-20
BMW,118,210570,100,01-12-08,diesel,grey,hatchback,FALSE,TRUE,FALSE,FALSE,FALSE,FALSE,TRUE,FALSE,5000,21-05-20
BMW,116,100632,85,01-09-12,diesel,grey,hatchback,FALSE,FALSE,FALSE,FALSE,FALSE,FALSE,TRUE,FALSE,9000,22-05-20
BMW,318 Gran Turismo,54558,100,01-10-13,diesel,grey,hatchback,FALSE,TRUE,FALSE,FALSE,FALSE,FALSE,TRUE,FALSE,17500,23-05-20
BMW,118,52773,110,01-10-15,diesel,grey,hatchback,FALSE,TRUE,FALSE,FALSE,FALSE,FALSE,TRUE,FALSE,13300,24-05-20
BMW,318 Gran Turismo,128535,105,01-11-13,diesel,black,hatchback,FALSE,TRUE,FALSE,FALSE,FALSE,FALSE,TRUE,FALSE,12800,25-05-20
BMW,116,104796,85,01-02-13,diesel,black,hatchback,TRUE,FALSE,FALSE,FALSE,TRUE,FALSE,TRUE,FALSE,9900,26-05-20
BMW,116,152055,85,01-03-14,diesel,black,hatchback,TRUE,FALSE,TRUE,FALSE,TRUE,TRUE,TRUE,TRUE,12400,27-05-20
BMW,116,90932,85,01-12-12,diesel,grey,hatchback,FALSE,TRUE,FALSE,FALSE,FALSE,FALSE,FALSE,FALSE,9500,28-05-20
BMW,320 Gran Turismo,193202,135,01-11-13,diesel,black,hatchback,FALSE,TRUE,TRUE,FALSE,TRUE,FALSE,FALSE,TRUE,16100,29-05-20
BMW,320 Gran Turismo,117387,135,01-01-15,diesel,grey,hatchback,FALSE,TRUE,FALSE,FALSE,FALSE,FALSE,TRUE,TRUE,17300,30-05-20
BMW,116,82721,85,01-09-15,diesel,white,hatchback,FALSE,TRUE,FALSE,FALSE,FALSE,FALSE,TRUE,FALSE,12500,31-05-20
BMW,420 Gran CoupÃ©,177379,135,01-04-14,diesel,grey,hatchback,TRUE,TRUE,FALSE,TRUE,TRUE,FALSE,TRUE,TRUE,20500,01-06-20
BMW,116,147708,85,01-08-05,petrol,black,hatchback,FALSE,FALSE,FALSE,FALSE,FALSE,FALSE,TRUE,FALSE,3300,02-06-20
BMW,320,73651,135,01-11-13,petrol,black,hatchback,FALSE,FALSE,FALSE,FALSE,FALSE,FALSE,FALSE,TRUE,14900,03-06-20
BMW,320,183958,120,01-07-13,diesel,grey,hatchback,FALSE,FALSE,FALSE,FALSE,FALSE,TRUE,TRUE,FALSE,11400,04-06-20
BMW,320 Gran Turismo,94829,120,01-10-13,diesel,blue,hatchback,TRUE,TRUE,TRUE,FALSE,TRUE,FALSE,TRUE,FALSE,16200,05-06-20
BMW,114,57344,70,01-10-13,diesel,grey,hatchback,FALSE,TRUE,FALSE,FALSE,FALSE,FALSE,TRUE,FALSE,11800,06-06-20
BMW,135,145497,235,01-06-13,petrol,black,hatchback,TRUE,TRUE,TRUE,TRUE,TRUE,TRUE,TRUE,TRUE,21700,07-06-20
BMW,318 Gran Turismo,123471,105,01-05-14,diesel,black,hatchback,FALSE,TRUE,FALSE,FALSE,FALSE,FALSE,TRUE,TRUE,17000,08-06-20
BMW,420 Gran CoupÃ©,139258,135,01-10-14,diesel,white,hatchback,TRUE,TRUE,TRUE,TRUE,TRUE,TRUE,TRUE,TRUE,27400,09-06-20
BMW,116,126944,85,01-08-13,diesel,blue,hatchback,TRUE,TRUE,FALSE,FALSE,FALSE,FALSE,TRUE,FALSE,9000,10-06-20
BMW,114,150373,70,01-06-13,diesel,brown,hatchback,FALSE,TRUE,FALSE,FALSE,FALSE,FALSE,TRUE,FALSE,8200,11-06-20
BMW,116,111119,85,01-10-12,diesel,blue,hatchback,FALSE,TRUE,FALSE,FALSE,FALSE,FALSE,TRUE,FALSE,10900,12-06-20
BMW,320 Gran Turismo,193840,135,01-06-14,diesel,black,hatchback,TRUE,FALSE,FALSE,FALSE,FALSE,TRUE,TRUE,FALSE,14800,13-06-20
BMW,116,98725,85,01-09-14,diesel,black,hatchback,FALSE,TRUE,FALSE,FALSE,FALSE,FALSE,TRUE,FALSE,9800,14-06-20
BMW,116,71138,85,01-06-15,diesel,black,hatchback,FALSE,TRUE,FALSE,FALSE,FALSE,FALSE,TRUE,FALSE,16400,15-06-20
BMW,116,146057,85,01-06-12,diesel,black,hatchback,FALSE,TRUE,FALSE,FALSE,FALSE,FALSE,TRUE,FALSE,8900,16-06-20
BMW,318 Gran Turismo,175263,100,01-02-14,diesel,black,hatchback,FALSE,TRUE,FALSE,FALSE,FALSE,TRUE,TRUE,TRUE,15800,17-06-20
BMW,318 Gran Turismo,140245,105,01-10-14,diesel,white,hatchback,FALSE,TRUE,FALSE,FALSE,TRUE,TRUE,TRUE,TRUE,19200,18-06-20
BMW,320 Gran Turismo,178255,137,01-01-14,diesel,grey,hatchback,TRUE,TRUE,FALSE,FALSE,TRUE,FALSE,TRUE,TRUE,18800,19-06-20
BMW,330 Gran Turismo,23755,190,01-10-15,diesel,silver,hatchback,TRUE,TRUE,TRUE,FALSE,TRUE,TRUE,TRUE,TRUE,29200,20-06-20
BMW,116,52301,85,01-07-13,diesel,black,hatchback,FALSE,FALSE,FALSE,FALSE,FALSE,FALSE,TRUE,FALSE,10000,21-06-20
BMW,116,85124,85,01-07-12,diesel,grey,hatchback,FALSE,TRUE,FALSE,FALSE,FALSE,FALSE,TRUE,FALSE,9200,22-06-20
BMW,320 Gran Turismo,144088,135,01-07-13,diesel,black,hatchback,TRUE,TRUE,TRUE,FALSE,TRUE,FALSE,TRUE,TRUE,16100,23-06-20
BMW,114,72527,70,01-11-13,diesel,silver,hatchback,FALSE,FALSE,FALSE,FALSE,FALSE,FALSE,TRUE,FALSE,9300,24-06-20
BMW,318 Gran Turismo,43032,100,01-01-16,diesel,white,hatchback,TRUE,TRUE,FALSE,FALSE,TRUE,FALSE,TRUE,TRUE,23800,25-06-20
BMW,125,156094,160,01-02-13,diesel,grey,hatchback,FALSE,FALSE,FALSE,FALSE,FALSE,FALSE,TRUE,FALSE,9800,26-06-20
BMW,118,184002,100,01-02-12,diesel,black,hatchback,FALSE,TRUE,FALSE,FALSE,FALSE,TRUE,TRUE,FALSE,10100,27-06-20
BMW,320,126316,120,01-05-12,diesel,grey,hatchback,TRUE,TRUE,FALSE,FALSE,FALSE,FALSE,TRUE,TRUE,13600,28-06-20
BMW,118,143275,105,01-11-12,diesel,blue,hatchback,FALSE,TRUE,FALSE,FALSE,FALSE,TRUE,TRUE,FALSE,9900,29-06-20
BMW,116,52139,85,01-11-12,diesel,blue,hatchback,FALSE,FALSE,FALSE,FALSE,FALSE,FALSE,TRUE,FALSE,9400,30-06-20
BMW,530 Gran Turismo,112635,190,01-04-13,diesel,black,hatchback,TRUE,TRUE,TRUE,TRUE,TRUE,TRUE,TRUE,TRUE,22100,01-07-20
BMW,116,88739,85,01-01-13,diesel,blue,hatchback,TRUE,FALSE,FALSE,FALSE,FALSE,FALSE,TRUE,FALSE,8300,02-07-20
BMW,120,65717,135,01-02-14,diesel,white,hatchback,FALSE,FALSE,FALSE,FALSE,FALSE,FALSE,FALSE,FALSE,14500,03-07-20
BMW,118,53189,110,01-10-15,diesel,grey,hatchback,FALSE,TRUE,FALSE,FALSE,FALSE,FALSE,TRUE,FALSE,13800,04-07-20
BMW,116,107880,85,01-06-13,diesel,white,hatchback,FALSE,FALSE,FALSE,FALSE,TRUE,TRUE,TRUE,FALSE,12900,05-07-20
BMW,518,42067,110,01-12-14,diesel,black,hatchback,TRUE,TRUE,FALSE,FALSE,TRUE,FALSE,TRUE,TRUE,21500,06-07-20
BMW,116,102321,85,01-06-13,diesel,grey,hatchback,TRUE,TRUE,FALSE,FALSE,FALSE,FALSE,TRUE,FALSE,10900,07-07-20
BMW,120,174005,110,01-01-05,petrol,black,hatchback,FALSE,FALSE,FALSE,FALSE,FALSE,FALSE,TRUE,FALSE,5400,08-07-20
BMW,118,107861,105,01-10-13,diesel,black,hatchback,FALSE,FALSE,FALSE,FALSE,FALSE,TRUE,TRUE,FALSE,9500,09-07-20
BMW,320,151500,122,01-02-13,diesel,red,hatchback,TRUE,TRUE,FALSE,FALSE,TRUE,TRUE,TRUE,TRUE,15500,10-07-20
BMW,318 Gran Turismo,113047,100,01-05-14,diesel,brown,hatchback,FALSE,TRUE,FALSE,FALSE,FALSE,TRUE,TRUE,TRUE,16800,11-07-20
BMW,116,178367,85,01-10-14,diesel,white,hatchback,FALSE,TRUE,FALSE,FALSE,FALSE,TRUE,TRUE,TRUE,9900,12-07-20
BMW,116,184087,85,01-10-12,diesel,blue,hatchback,TRUE,TRUE,FALSE,FALSE,FALSE,FALSE,TRUE,FALSE,8600,13-07-20
BMW,418 Gran CoupÃ©,152216,100,01-02-15,diesel,silver,hatchback,TRUE,TRUE,FALSE,FALSE,TRUE,TRUE,TRUE,TRUE,21400,14-07-20
BMW,125,109592,155,01-03-13,diesel,black,hatchback,TRUE,FALSE,TRUE,FALSE,TRUE,TRUE,TRUE,TRUE,11900,15-07-20
BMW,318 Gran Turismo,145712,105,01-01-14,diesel,blue,hatchback,TRUE,TRUE,FALSE,FALSE,FALSE,FALSE,TRUE,FALSE,12900,16-07-20
BMW,320 Gran Turismo,190754,135,01-08-13,diesel,black,hatchback,TRUE,TRUE,FALSE,FALSE,TRUE,TRUE,TRUE,TRUE,18700,17-07-20
BMW,116,130547,85,01-07-14,diesel,white,hatchback,FALSE,TRUE,FALSE,FALSE,FALSE,FALSE,TRUE,TRUE,10800,18-07-20
BMW,420 Gran CoupÃ©,127175,135,01-11-14,diesel,grey,hatchback,TRUE,TRUE,FALSE,FALSE,TRUE,FALSE,TRUE,FALSE,17600,19-07-20
BMW,116,186903,85,01-03-13,diesel,silver,hatchback,FALSE,TRUE,FALSE,FALSE,FALSE,FALSE,TRUE,FALSE,10200,20-07-20
BMW,116,75413,85,01-11-13,diesel,blue,hatchback,FALSE,TRUE,FALSE,FALSE,FALSE,FALSE,TRUE,FALSE,10800,21-07-20
BMW,120,61347,135,01-09-14,diesel,white,hatchback,FALSE,TRUE,FALSE,FALSE,TRUE,FALSE,TRUE,TRUE,15600,22-07-20
BMW,116,238587,85,01-01-13,diesel,black,hatchback,FALSE,TRUE,TRUE,FALSE,TRUE,FALSE,FALSE,FALSE,9800,23-07-20
BMW,116,155088,85,01-10-13,diesel,grey,hatchback,TRUE,TRUE,FALSE,FALSE,FALSE,FALSE,TRUE,FALSE,9000,24-07-20
BMW,318 Gran Turismo,115044,105,01-10-13,diesel,black,hatchback,FALSE,TRUE,FALSE,FALSE,FALSE,FALSE,TRUE,FALSE,11900,25-07-20
BMW,118,137320,105,01-05-13,diesel,blue,hatchback,FALSE,FALSE,FALSE,FALSE,FALSE,FALSE,TRUE,TRUE,6900,26-07-20
BMW,116,169720,85,01-07-12,diesel,blue,hatchback,FALSE,FALSE,FALSE,FALSE,FALSE,FALSE,TRUE,FALSE,8100,27-07-20
BMW,118,200443,105,01-09-14,diesel,black,hatchback,FALSE,TRUE,FALSE,FALSE,FALSE,FALSE,TRUE,FALSE,9300,28-07-20
BMW,118,69225,110,01-10-15,diesel,white,hatchback,FALSE,TRUE,FALSE,FALSE,FALSE,FALSE,TRUE,FALSE,14600,29-07-20
BMW,116,164467,85,01-07-12,diesel,grey,hatchback,FALSE,FALSE,FALSE,FALSE,FALSE,TRUE,TRUE,FALSE,9500,30-07-20
BMW,116,102677,100,01-06-12,petrol,black,hatchback,FALSE,FALSE,FALSE,FALSE,TRUE,TRUE,TRUE,FALSE,10100,31-07-20
BMW,320 Gran Turismo,187514,135,01-01-14,diesel,grey,hatchback,TRUE,TRUE,FALSE,FALSE,FALSE,FALSE,TRUE,TRUE,15100,01-08-20
BMW,520,173749,142,01-06-15,diesel,black,hatchback,TRUE,TRUE,TRUE,FALSE,TRUE,TRUE,TRUE,TRUE,22300,02-08-20
BMW,116,135880,85,01-06-14,diesel,black,hatchback,FALSE,FALSE,FALSE,FALSE,FALSE,FALSE,TRUE,FALSE,8800,03-08-20
BMW,320 Gran Turismo,44748,135,01-02-14,diesel,white,hatchback,FALSE,FALSE,FALSE,FALSE,FALSE,FALSE,TRUE,FALSE,18000,04-08-20
BMW,318 Gran Turismo,158005,105,01-04-14,diesel,silver,hatchback,TRUE,TRUE,FALSE,FALSE,FALSE,FALSE,TRUE,FALSE,11700,05-08-20
BMW,120,49069,135,01-11-14,diesel,blue,hatchback,FALSE,TRUE,FALSE,FALSE,FALSE,FALSE,TRUE,TRUE,20300,06-08-20
BMW,116,109377,85,01-04-12,diesel,black,hatchback,FALSE,TRUE,FALSE,FALSE,FALSE,FALSE,TRUE,FALSE,8900,07-08-20
BMW,318 Gran Turismo,176840,100,01-09-13,diesel,grey,hatchback,TRUE,TRUE,FALSE,FALSE,TRUE,FALSE,TRUE,FALSE,13300,08-08-20
BMW,520,196537,137,01-09-12,diesel,black,hatchback,TRUE,TRUE,FALSE,FALSE,TRUE,FALSE,TRUE,TRUE,14300,09-08-20
BMW,118,121398,95,01-04-05,petrol,grey,hatchback,TRUE,FALSE,FALSE,FALSE,FALSE,FALSE,TRUE,FALSE,3800,10-08-20
BMW,116,107248,87,01-04-13,diesel,black,hatchback,TRUE,TRUE,FALSE,FALSE,TRUE,TRUE,TRUE,FALSE,10900,11-08-20
BMW,318 Gran Turismo,173911,100,01-04-14,diesel,black,hatchback,FALSE,TRUE,FALSE,FALSE,TRUE,FALSE,TRUE,FALSE,11300,12-08-20
BMW,318 Gran Turismo,145576,105,01-01-14,diesel,blue,hatchback,TRUE,TRUE,FALSE,FALSE,FALSE,FALSE,TRUE,FALSE,11700,13-08-20
BMW,116,74820,85,01-10-13,diesel,silver,hatchback,FALSE,TRUE,FALSE,FALSE,FALSE,TRUE,TRUE,FALSE,11400,14-08-20
BMW,520 Gran Turismo,148740,120,01-07-14,diesel,black,hatchback,TRUE,TRUE,TRUE,FALSE,TRUE,FALSE,TRUE,TRUE,22800,15-08-20
BMW,116,131563,85,01-01-13,diesel,grey,hatchback,FALSE,TRUE,FALSE,FALSE,FALSE,FALSE,TRUE,FALSE,9500,16-08-20
BMW,435 Gran CoupÃ©,59729,225,01-10-14,petrol,blue,hatchback,TRUE,TRUE,FALSE,FALSE,TRUE,TRUE,TRUE,FALSE,24500,17-08-20
BMW,318 Gran Turismo,169635,100,01-08-13,diesel,blue,hatchback,TRUE,TRUE,FALSE,FALSE,FALSE,FALSE,TRUE,TRUE,14900,18-08-20
BMW,320 Gran Turismo,150711,135,01-01-14,diesel,grey,hatchback,FALSE,FALSE,TRUE,TRUE,TRUE,TRUE,TRUE,TRUE,16900,19-08-20
BMW,118,63824,110,01-11-15,diesel,blue,hatchback,FALSE,TRUE,FALSE,FALSE,FALSE,FALSE,TRUE,FALSE,13300,20-08-20
BMW,120,89123,142,01-12-15,diesel,white,hatchback,FALSE,TRUE,TRUE,FALSE,TRUE,TRUE,TRUE,TRUE,17700,21-08-20
BMW,118,83399,105,01-06-12,diesel,black,hatchback,TRUE,TRUE,TRUE,FALSE,TRUE,TRUE,TRUE,TRUE,13700,22-08-20
BMW,116,137867,85,01-04-13,diesel,black,hatchback,FALSE,FALSE,FALSE,FALSE,FALSE,FALSE,TRUE,FALSE,8700,23-08-20
BMW,116,130353,85,01-10-12,diesel,black,hatchback,TRUE,TRUE,FALSE,FALSE,FALSE,FALSE,TRUE,FALSE,9000,24-08-20
BMW,116,140631,85,01-06-13,diesel,grey,hatchback,FALSE,TRUE,TRUE,FALSE,FALSE,TRUE,TRUE,FALSE,9000,25-08-20
BMW,520,188900,142,01-09-14,diesel,grey,hatchback,TRUE,TRUE,TRUE,FALSE,TRUE,FALSE,TRUE,TRUE,18400,26-08-20
BMW,320,134600,125,01-06-13,petrol,white,hatchback,FALSE,FALSE,TRUE,FALSE,FALSE,FALSE,FALSE,FALSE,14900,27-08-20
BMW,116,148328,85,01-03-13,diesel,grey,hatchback,FALSE,TRUE,FALSE,FALSE,FALSE,TRUE,TRUE,TRUE,9300,28-08-20
BMW,118,121277,100,01-12-13,diesel,black,hatchback,FALSE,TRUE,FALSE,FALSE,FALSE,FALSE,TRUE,FALSE,9800,29-08-20
BMW,318 Gran Turismo,177140,100,01-09-13,diesel,grey,hatchback,TRUE,TRUE,FALSE,FALSE,TRUE,FALSE,TRUE,FALSE,13100,30-08-20
BMW,318 Gran Turismo,91122,100,01-11-13,diesel,silver,hatchback,FALSE,TRUE,FALSE,FALSE,FALSE,FALSE,TRUE,FALSE,16100,31-08-20
BMW,318 Gran Turismo,71857,100,01-06-13,diesel,white,hatchback,FALSE,FALSE,FALSE,FALSE,TRUE,FALSE,TRUE,FALSE,17000,01-09-20
BMW,420 Gran CoupÃ©,89843,135,01-10-14,diesel,black,hatchback,FALSE,TRUE,FALSE,FALSE,TRUE,TRUE,TRUE,TRUE,24100,02-09-20
BMW,418 Gran CoupÃ©,143839,105,01-07-14,diesel,black,hatchback,TRUE,TRUE,TRUE,FALSE,TRUE,TRUE,TRUE,TRUE,21300,03-09-20
BMW,318 Gran Turismo,193314,100,01-07-13,diesel,brown,hatchback,FALSE,TRUE,FALSE,FALSE,FALSE,FALSE,TRUE,TRUE,12500,04-09-20
BMW,120,157885,135,01-09-13,diesel,silver,hatchback,FALSE,FALSE,FALSE,FALSE,TRUE,FALSE,TRUE,TRUE,14900,05-09-20
BMW,116,42273,80,01-08-15,petrol,black,hatchback,FALSE,FALSE,FALSE,FALSE,FALSE,FALSE,TRUE,FALSE,13400,06-09-20
BMW,318 Gran Turismo,174758,100,01-09-13,diesel,brown,hatchback,TRUE,TRUE,FALSE,FALSE,FALSE,FALSE,TRUE,TRUE,14200,07-09-20
BMW,316,174614,85,01-07-12,diesel,black,hatchback,FALSE,TRUE,FALSE,FALSE,FALSE,TRUE,TRUE,FALSE,11400,08-09-20
BMW,116,132529,85,01-09-12,diesel,blue,hatchback,FALSE,TRUE,FALSE,FALSE,FALSE,FALSE,TRUE,FALSE,8300,09-09-20
BMW,318 Gran Turismo,132715,105,01-04-14,diesel,black,hatchback,FALSE,TRUE,FALSE,FALSE,FALSE,FALSE,TRUE,FALSE,15700,10-09-20
BMW,116,176983,85,01-01-13,diesel,silver,hatchback,FALSE,TRUE,FALSE,FALSE,FALSE,FALSE,TRUE,FALSE,7900,11-09-20
BMW,320,165358,135,01-07-13,diesel,white,hatchback,FALSE,TRUE,FALSE,FALSE,FALSE,FALSE,TRUE,FALSE,12900,12-09-20
BMW,320 Gran Turismo,78582,120,01-08-14,diesel,blue,hatchback,TRUE,TRUE,FALSE,FALSE,FALSE,FALSE,TRUE,TRUE,16700,13-09-20
BMW,116,200985,85,01-05-12,diesel,grey,hatchback,FALSE,TRUE,FALSE,FALSE,TRUE,FALSE,TRUE,TRUE,10500,14-09-20
BMW,320 Gran Turismo,204091,135,01-08-13,diesel,black,hatchback,FALSE,FALSE,FALSE,FALSE,TRUE,TRUE,TRUE,TRUE,15900,15-09-20
BMW,116,154078,85,01-10-12,diesel,silver,hatchback,FALSE,TRUE,FALSE,FALSE,FALSE,FALSE,TRUE,FALSE,8100,16-09-20
BMW,318 Gran Turismo,160587,100,01-03-14,diesel,blue,hatchback,FALSE,TRUE,FALSE,FALSE,TRUE,FALSE,TRUE,FALSE,9500,17-09-20
BMW,318 Gran Turismo,29782,105,01-06-14,diesel,black,hatchback,FALSE,TRUE,FALSE,FALSE,FALSE,FALSE,FALSE,FALSE,16400,18-09-20
BMW,318 Gran Turismo,115854,105,01-04-14,diesel,white,hatchback,FALSE,FALSE,FALSE,FALSE,TRUE,FALSE,TRUE,FALSE,14400,19-09-20
BMW,116,129872,85,01-01-13,diesel,black,hatchback,FALSE,FALSE,FALSE,FALSE,FALSE,FALSE,TRUE,FALSE,7100,20-09-20
BMW,116,146485,85,01-05-13,diesel,blue,hatchback,FALSE,FALSE,FALSE,FALSE,FALSE,FALSE,TRUE,FALSE,8000,21-09-20
BMW,335 Gran Turismo,136502,230,01-05-14,diesel,grey,hatchback,FALSE,TRUE,FALSE,TRUE,TRUE,TRUE,TRUE,TRUE,25000,22-09-20
BMW,418 Gran CoupÃ©,94360,100,01-01-15,diesel,blue,hatchback,TRUE,TRUE,FALSE,FALSE,TRUE,FALSE,TRUE,TRUE,20500,23-09-20
BMW,330 Gran Turismo,110091,190,01-09-14,diesel,black,hatchback,TRUE,TRUE,FALSE,FALSE,FALSE,TRUE,TRUE,TRUE,22300,24-09-20
BMW,420 Gran CoupÃ©,66690,135,01-06-14,diesel,silver,hatchback,TRUE,TRUE,FALSE,TRUE,TRUE,FALSE,TRUE,FALSE,13200,25-09-20
BMW,320 Gran Turismo,203550,135,01-11-14,diesel,blue,hatchback,TRUE,TRUE,FALSE,FALSE,FALSE,FALSE,TRUE,TRUE,13400,26-09-20
BMW,116,39555,85,01-10-13,diesel,black,hatchback,FALSE,FALSE,FALSE,FALSE,FALSE,FALSE,TRUE,FALSE,4300,27-09-20
BMW,120,136955,135,01-03-13,diesel,blue,hatchback,FALSE,FALSE,FALSE,FALSE,FALSE,TRUE,TRUE,FALSE,12800,28-09-20
BMW,118,201187,105,01-05-09,diesel,silver,hatchback,FALSE,FALSE,FALSE,FALSE,FALSE,FALSE,TRUE,FALSE,5100,29-09-20
BMW,116,168233,85,01-06-14,diesel,black,hatchback,FALSE,TRUE,FALSE,FALSE,FALSE,FALSE,TRUE,TRUE,3600,30-09-20
BMW,418 Gran CoupÃ©,66816,110,01-04-16,diesel,silver,hatchback,FALSE,TRUE,FALSE,FALSE,TRUE,FALSE,TRUE,TRUE,16200,01-10-20
BMW,116,219066,85,01-09-13,diesel,blue,hatchback,TRUE,TRUE,FALSE,FALSE,FALSE,FALSE,TRUE,TRUE,9500,02-10-20
BMW,318 Gran Turismo,183272,105,01-10-13,diesel,blue,hatchback,FALSE,TRUE,FALSE,FALSE,FALSE,FALSE,TRUE,FALSE,11900,03-10-20
BMW,530 Gran Turismo,77883,190,01-11-13,diesel,blue,hatchback,TRUE,TRUE,TRUE,FALSE,TRUE,TRUE,TRUE,TRUE,25500,04-10-20
BMW,120,71260,140,01-04-15,diesel,grey,hatchback,FALSE,TRUE,FALSE,FALSE,FALSE,FALSE,TRUE,TRUE,19300,05-10-20
BMW,118,44243,110,01-10-15,diesel,grey,hatchback,FALSE,TRUE,FALSE,FALSE,FALSE,FALSE,TRUE,FALSE,14400,06-10-20
BMW,320 Gran Turismo,171465,135,01-01-14,diesel,white,hatchback,TRUE,TRUE,TRUE,TRUE,TRUE,FALSE,TRUE,TRUE,16700,07-10-20
BMW,116,137574,85,01-10-12,diesel,blue,hatchback,TRUE,TRUE,FALSE,FALSE,FALSE,TRUE,TRUE,FALSE,9200,08-10-20
BMW,116,122647,85,01-11-12,diesel,blue,hatchback,FALSE,TRUE,FALSE,FALSE,FALSE,FALSE,TRUE,FALSE,10600,09-10-20
BMW,116,60828,90,01-06-09,petrol,black,hatchback,FALSE,FALSE,FALSE,FALSE,FALSE,FALSE,TRUE,FALSE,8100,10-10-20
BMW,116,85989,90,01-05-08,petrol,black,hatchback,FALSE,FALSE,FALSE,FALSE,FALSE,FALSE,TRUE,FALSE,6100,11-10-20
BMW,118,211148,100,01-12-08,diesel,grey,hatchback,FALSE,TRUE,FALSE,FALSE,FALSE,FALSE,TRUE,FALSE,4200,12-10-20
BMW,118,106597,100,01-08-13,diesel,black,hatchback,FALSE,TRUE,FALSE,FALSE,FALSE,FALSE,TRUE,FALSE,9000,13-10-20
BMW,320 Gran Turismo,175770,135,01-10-14,diesel,silver,hatchback,TRUE,TRUE,FALSE,FALSE,TRUE,TRUE,TRUE,TRUE,17200,14-10-20
BMW,320,184180,120,01-08-13,diesel,brown,hatchback,FALSE,TRUE,FALSE,FALSE,FALSE,FALSE,TRUE,FALSE,12000,15-10-20
BMW,118,32544,105,01-07-12,diesel,silver,hatchback,FALSE,FALSE,FALSE,FALSE,FALSE,FALSE,FALSE,FALSE,14200,16-10-20
BMW,116,88560,85,01-09-14,diesel,brown,hatchback,FALSE,TRUE,FALSE,FALSE,FALSE,FALSE,TRUE,FALSE,9800,17-10-20
BMW,325 Gran Turismo,206822,155,01-01-14,diesel,black,hatchback,TRUE,TRUE,TRUE,FALSE,TRUE,FALSE,TRUE,FALSE,14400,18-10-20
BMW,116,105140,85,01-09-13,diesel,grey,hatchback,FALSE,TRUE,FALSE,FALSE,FALSE,FALSE,FALSE,FALSE,9300,19-10-20
BMW,116,70033,85,01-09-14,diesel,blue,hatchback,FALSE,TRUE,FALSE,FALSE,FALSE,FALSE,TRUE,FALSE,10700,20-10-20
BMW,116,133992,85,01-07-12,diesel,brown,hatchback,FALSE,FALSE,FALSE,FALSE,FALSE,FALSE,TRUE,FALSE,8200,21-10-20
BMW,520 Gran Turismo,90173,120,01-10-13,diesel,black,hatchback,TRUE,TRUE,FALSE,FALSE,TRUE,FALSE,TRUE,TRUE,20200,22-10-20
BMW,420 Gran CoupÃ©,82979,135,01-11-14,diesel,white,hatchback,TRUE,TRUE,FALSE,FALSE,TRUE,TRUE,TRUE,TRUE,26200,23-10-20
BMW,320,158548,137,01-06-12,petrol,black,hatchback,FALSE,TRUE,FALSE,FALSE,FALSE,FALSE,TRUE,TRUE,10800,24-10-20
BMW,120,103993,135,01-05-14,diesel,grey,hatchback,FALSE,TRUE,TRUE,FALSE,TRUE,TRUE,TRUE,FALSE,14500,25-10-20
BMW,530 Gran Turismo,130518,180,01-07-11,diesel,grey,hatchback,TRUE,TRUE,TRUE,TRUE,TRUE,FALSE,TRUE,TRUE,22400,26-10-20
BMW,116,116035,85,01-08-13,diesel,grey,hatchback,TRUE,TRUE,TRUE,FALSE,FALSE,TRUE,TRUE,FALSE,10100,27-10-20
BMW,418 Gran CoupÃ©,105663,105,01-01-15,diesel,black,hatchback,TRUE,TRUE,FALSE,FALSE,TRUE,FALSE,TRUE,TRUE,21200,28-10-20
BMW,116,48859,85,01-08-13,diesel,black,hatchback,FALSE,TRUE,FALSE,FALSE,FALSE,FALSE,TRUE,FALSE,11900,29-10-20
BMW,320 Gran Turismo,206236,135,01-01-14,diesel,grey,hatchback,TRUE,TRUE,FALSE,TRUE,TRUE,TRUE,TRUE,TRUE,16200,30-10-20
BMW,318 Gran Turismo,211133,100,01-03-14,diesel,blue,hatchback,FALSE,TRUE,FALSE,FALSE,FALSE,FALSE,TRUE,FALSE,13400,31-10-20
BMW,116,155916,85,01-07-13,diesel,black,hatchback,FALSE,TRUE,FALSE,FALSE,TRUE,FALSE,FALSE,TRUE,9800,01-11-20
BMW,118,198577,90,01-07-05,diesel,silver,hatchback,FALSE,FALSE,FALSE,FALSE,FALSE,FALSE,TRUE,FALSE,3300,02-11-20
BMW,520 Gran Turismo,56421,135,01-07-13,diesel,brown,hatchback,TRUE,TRUE,FALSE,FALSE,TRUE,FALSE,TRUE,TRUE,21500,03-11-20
BMW,320 Gran Turismo,179530,135,01-10-13,diesel,blue,hatchback,TRUE,TRUE,TRUE,TRUE,TRUE,TRUE,TRUE,TRUE,17600,04-11-20
BMW,320 Gran Turismo,154184,135,01-09-13,diesel,grey,hatchback,FALSE,TRUE,FALSE,FALSE,TRUE,TRUE,TRUE,TRUE,16800,05-11-20
BMW,116,12580,85,01-05-13,diesel,silver,hatchback,FALSE,TRUE,FALSE,FALSE,FALSE,FALSE,TRUE,FALSE,9200,06-11-20
BMW,118,125548,105,01-11-12,diesel,black,hatchback,FALSE,FALSE,FALSE,FALSE,FALSE,FALSE,TRUE,FALSE,13400,07-11-20
BMW,116,91361,85,01-10-15,diesel,blue,hatchback,FALSE,TRUE,FALSE,FALSE,FALSE,FALSE,TRUE,FALSE,7300,08-11-20
BMW,318 Gran Turismo,43550,100,01-02-16,diesel,white,hatchback,FALSE,TRUE,FALSE,FALSE,FALSE,FALSE,TRUE,FALSE,20100,09-11-20
BMW,318 Gran Turismo,191349,100,01-10-13,diesel,beige,hatchback,FALSE,TRUE,FALSE,FALSE,FALSE,FALSE,TRUE,FALSE,12900,10-11-20
BMW,420 Gran CoupÃ©,155796,135,01-10-14,diesel,black,hatchback,TRUE,TRUE,FALSE,FALSE,TRUE,FALSE,TRUE,TRUE,19900,11-11-20
BMW,120,75431,135,01-04-13,diesel,grey,hatchback,TRUE,TRUE,TRUE,TRUE,TRUE,TRUE,TRUE,FALSE,15400,12-11-20
BMW,730,195281,190,01-07-13,diesel,black,hatchback,TRUE,TRUE,FALSE,FALSE,FALSE,FALSE,TRUE,TRUE,24400,13-11-20
BMW,116,130511,85,01-01-11,diesel,black,hatchback,FALSE,FALSE,FALSE,FALSE,FALSE,FALSE,TRUE,FALSE,6300,14-11-20
BMW,116,97884,85,01-07-13,diesel,brown,hatchback,TRUE,TRUE,FALSE,FALSE,FALSE,FALSE,TRUE,FALSE,11300,15-11-20
BMW,420 Gran CoupÃ©,64380,140,01-11-15,diesel,silver,hatchback,TRUE,TRUE,FALSE,TRUE,FALSE,TRUE,TRUE,TRUE,29800,16-11-20
BMW,318 Gran Turismo,172930,100,01-01-14,diesel,grey,hatchback,TRUE,TRUE,FALSE,FALSE,TRUE,FALSE,TRUE,FALSE,13300,17-11-20
BMW,320 Gran Turismo,100491,140,01-10-15,diesel,black,hatchback,TRUE,TRUE,FALSE,FALSE,TRUE,TRUE,TRUE,TRUE,18200,18-11-20
BMW,118,116577,105,01-05-12,diesel,black,hatchback,TRUE,FALSE,FALSE,FALSE,FALSE,TRUE,TRUE,FALSE,10100,19-11-20
BMW,520 Gran Turismo,78407,120,01-10-12,diesel,beige,hatchback,TRUE,TRUE,FALSE,FALSE,TRUE,FALSE,TRUE,TRUE,16700,20-11-20
BMW,118,230189,90,01-12-05,diesel,brown,hatchback,FALSE,FALSE,FALSE,FALSE,FALSE,TRUE,TRUE,FALSE,3200,21-11-20
BMW,318 Gran Turismo,132280,105,01-03-15,diesel,blue,hatchback,TRUE,TRUE,TRUE,FALSE,TRUE,TRUE,TRUE,FALSE,14900,22-11-20
BMW,116,169094,85,01-02-14,diesel,black,hatchback,FALSE,TRUE,FALSE,FALSE,FALSE,FALSE,TRUE,TRUE,11400,23-11-20
BMW,116,156699,85,01-11-14,diesel,blue,hatchback,FALSE,TRUE,FALSE,FALSE,TRUE,FALSE,FALSE,FALSE,10200,24-11-20
BMW,320,156967,122,01-09-14,diesel,grey,hatchback,TRUE,TRUE,FALSE,FALSE,TRUE,TRUE,TRUE,TRUE,15800,25-11-20
BMW,318 Gran Turismo,184183,105,01-02-14,diesel,black,hatchback,FALSE,TRUE,FALSE,FALSE,TRUE,FALSE,TRUE,FALSE,15700,26-11-20
BMW,320 Gran Turismo,188512,135,01-01-14,diesel,grey,hatchback,TRUE,TRUE,FALSE,FALSE,FALSE,FALSE,TRUE,TRUE,15100,27-11-20
BMW,520 Gran Turismo,130101,120,01-03-13,diesel,blue,hatchback,TRUE,TRUE,FALSE,FALSE,TRUE,FALSE,TRUE,TRUE,18600,28-11-20
BMW,118,45779,105,01-11-14,diesel,silver,hatchback,FALSE,TRUE,FALSE,FALSE,TRUE,FALSE,TRUE,TRUE,18700,29-11-20
BMW,320 Gran Turismo,70461,135,01-03-15,diesel,white,hatchback,TRUE,TRUE,TRUE,FALSE,TRUE,FALSE,TRUE,TRUE,25900,30-11-20
BMW,320,72790,120,01-06-13,diesel,white,hatchback,FALSE,TRUE,TRUE,FALSE,TRUE,FALSE,TRUE,TRUE,19000,01-12-20
BMW,116,67330,85,01-09-12,diesel,blue,hatchback,FALSE,FALSE,FALSE,FALSE,TRUE,FALSE,TRUE,FALSE,10700,02-12-20
BMW,320 Gran Turismo,119926,135,01-07-14,diesel,grey,hatchback,FALSE,TRUE,TRUE,FALSE,TRUE,TRUE,TRUE,FALSE,20600,03-12-20
BMW,318 Gran Turismo,149993,100,01-02-14,diesel,black,hatchback,TRUE,TRUE,FALSE,FALSE,FALSE,TRUE,TRUE,TRUE,15500,04-12-20
BMW,435 Gran CoupÃ©,64985,230,01-04-16,diesel,grey,hatchback,TRUE,TRUE,TRUE,TRUE,FALSE,TRUE,TRUE,TRUE,34500,05-12-20
BMW,116,183829,85,01-05-12,diesel,blue,hatchback,FALSE,TRUE,FALSE,FALSE,FALSE,TRUE,TRUE,FALSE,8700,06-12-20
BMW,325 Gran Turismo,100296,160,01-03-14,diesel,black,hatchback,FALSE,TRUE,FALSE,FALSE,TRUE,TRUE,TRUE,TRUE,22700,07-12-20
BMW,114,15546,75,01-04-14,petrol,black,hatchback,FALSE,FALSE,FALSE,FALSE,FALSE,FALSE,TRUE,FALSE,10800,08-12-20
BMW,318 Gran Turismo,168589,100,01-11-13,diesel,black,hatchback,TRUE,TRUE,TRUE,FALSE,FALSE,FALSE,TRUE,FALSE,12300,09-12-20
BMW,320 Gran Turismo,211329,120,01-05-14,diesel,white,hatchback,TRUE,TRUE,FALSE,FALSE,FALSE,FALSE,TRUE,FALSE,12600,10-12-20
BMW,318 Gran Turismo,179630,100,01-01-14,diesel,blue,hatchback,FALSE,TRUE,TRUE,FALSE,FALSE,FALSE,TRUE,FALSE,9200,11-12-20
BMW,116,217179,85,01-08-12,diesel,black,hatchback,TRUE,TRUE,FALSE,FALSE,TRUE,FALSE,TRUE,FALSE,8700,12-12-20
BMW,520 Gran Turismo,370256,135,01-11-12,diesel,black,hatchback,TRUE,TRUE,TRUE,FALSE,TRUE,FALSE,TRUE,TRUE,17300,13-12-20
BMW,118,138226,90,01-07-06,diesel,black,hatchback,FALSE,FALSE,TRUE,FALSE,FALSE,TRUE,TRUE,FALSE,4600,14-12-20
BMW,320 Gran Turismo,104753,135,01-08-14,diesel,blue,hatchback,TRUE,TRUE,TRUE,FALSE,FALSE,FALSE,TRUE,TRUE,17500,15-12-20
BMW,116,111308,85,01-02-06,petrol,black,hatchback,FALSE,FALSE,FALSE,FALSE,TRUE,FALSE,TRUE,FALSE,3500,16-12-20
BMW,118,47551,110,01-10-15,diesel,grey,hatchback,FALSE,TRUE,FALSE,FALSE,FALSE,FALSE,TRUE,FALSE,13900,17-12-20
BMW,420 Gran CoupÃ©,27547,120,01-01-16,diesel,brown,hatchback,TRUE,TRUE,TRUE,FALSE,TRUE,FALSE,TRUE,TRUE,32100,18-12-20
BMW,116,38917,85,01-11-14,diesel,white,hatchback,FALSE,TRUE,FALSE,FALSE,FALSE,FALSE,FALSE,FALSE,7100,19-12-20
BMW,116,147313,85,01-11-13,diesel,grey,hatchback,FALSE,FALSE,FALSE,FALSE,FALSE,FALSE,FALSE,FALSE,8900,20-12-20
BMW,118,142991,105,01-12-13,diesel,white,hatchback,FALSE,FALSE,FALSE,FALSE,FALSE,FALSE,TRUE,FALSE,10300,21-12-20
BMW,520 Gran Turismo,100437,120,01-01-14,diesel,grey,hatchback,TRUE,TRUE,TRUE,FALSE,TRUE,FALSE,TRUE,TRUE,23500,22-12-20
BMW,318 Gran Turismo,162580,100,01-01-14,diesel,black,hatchback,TRUE,TRUE,FALSE,FALSE,FALSE,FALSE,TRUE,FALSE,12200,23-12-20
BMW,530 Gran Turismo,333820,155,01-05-11,diesel,black,hatchback,TRUE,TRUE,TRUE,FALSE,TRUE,FALSE,TRUE,TRUE,12100,24-12-20
BMW,116,153985,85,01-11-12,diesel,silver,hatchback,FALSE,TRUE,FALSE,FALSE,FALSE,FALSE,FALSE,FALSE,9300,25-12-20
BMW,116,105041,85,01-05-13,diesel,white,hatchback,FALSE,TRUE,FALSE,FALSE,FALSE,TRUE,TRUE,FALSE,11200,26-12-20
BMW,435 Gran CoupÃ©,19476,225,01-07-15,petrol,white,hatchback,TRUE,TRUE,FALSE,FALSE,TRUE,FALSE,TRUE,TRUE,40500,27-12-20
BMW,318 Gran Turismo,147926,100,01-01-14,diesel,grey,hatchback,FALSE,TRUE,FALSE,FALSE,FALSE,FALSE,TRUE,FALSE,14400,28-12-20
BMW,116,177679,85,01-04-12,diesel,grey,hatchback,TRUE,FALSE,FALSE,FALSE,FALSE,FALSE,TRUE,TRUE,9200,29-12-20
